{"s_mean": -0.8041156740542894}
{"s_class": 4}
{"seg_mean": -0.7554401196983526}
{"seg_class": 4}
{"gth_mean": -0.7763784518165371}
{"gth_class": 4}
{"s_mean": -0.8041156740542894}
{"s_class": 4}
{"seg_mean": -0.7554401196983526}
{"seg_class": 4}
{"gth_mean": -0.7763784518165371}
{"gth_class": 4}
{"s_mean": -0.8041156740542894}
{"s_class": 4}
{"seg_density": 131.2270741803591}
{"seg_mean": -0.7554401196983526}
{"seg_class": 4}
{"gth_density": 119.9918868769595}
{"gth_mean": -0.7763784518165371}
{"gth_class": 4}
{"s_density": 105.10851959831551}
{"s_mean": -0.8041156740542894}
{"s_class": 4}
