{"s_mean": -0.5935558514361589}
{"s_class": 3}
{"seg_mean": -0.5907712608903594}
{"seg_class": 3}
{"gth_mean": -0.5726337613134245}
{"gth_class": 3}
{"s_mean": -0.5935558514361589}
{"s_class": 3}
{"seg_mean": -0.5907712608903594}
{"seg_class": 3}
{"gth_mean": -0.5726337613134245}
{"gth_class": 3}
{"s_mean": -0.5935558514361589}
{"s_class": 3}
{"seg_density": 219.5858537289032}
{"seg_mean": -0.5907712608903594}
{"seg_class": 3}
{"gth_density": 229.31815732462363}
{"gth_mean": -0.5726337613134245}
{"gth_class": 3}
{"s_density": 218.0916852264291}
{"s_mean": -0.5935558514361589}
{"s_class": 3}
