{"s_mean": -0.40208772654314906}
{"s_class": 2}
{"seg_mean": -0.3925761419406068}
{"seg_class": 2}
{"gth_mean": -0.44984850370164453}
{"gth_class": 2}
{"s_mean": -0.40208772654314906}
{"s_class": 2}
{"seg_mean": -0.3925761419406068}
{"seg_class": 2}
{"gth_mean": -0.44984850370164453}
{"gth_class": 2}
{"s_mean": -0.40208772654314906}
{"s_class": 2}
{"seg_density": 325.9343093485434}
{"seg_mean": -0.3925761419406068}
{"seg_class": 2}
{"gth_density": 295.2028400003004}
{"gth_mean": -0.44984850370164453}
{"gth_class": 2}
{"s_density": 320.8305391934753}
{"s_mean": -0.40208772654314906}
{"s_class": 2}
