{"s_mean": -0.7348529321148197}
{"s_class": 4}
{"seg_mean": -0.6724182479832069}
{"seg_class": 3}
{"gth_mean": -0.6389416409478809}
{"gth_class": 3}
{"s_mean": -0.7348529321148197}
{"s_class": 4}
{"seg_mean": -0.6724182479832069}
{"seg_class": 3}
{"gth_mean": -0.6389416409478809}
{"gth_class": 3}
{"s_mean": -0.7348529321148197}
{"s_class": 4}
{"seg_density": 175.77533493644796}
{"seg_mean": -0.6724182479832069}
{"seg_class": 3}
{"gth_density": 193.7383679135371}
{"gth_mean": -0.6389416409478809}
{"gth_class": 3}
{"s_density": 142.27384272169547}
{"s_mean": -0.7348529321148197}
{"s_class": 4}
