{"s_mean": -0.6354960221071797}
{"s_class": 3}
{"seg_mean": -0.6239832852315528}
{"seg_class": 3}
{"gth_mean": -0.6143825923333919}
{"gth_class": 3}
{"s_mean": -0.6354960221071797}
{"s_class": 3}
{"seg_mean": -0.6239832852315528}
{"seg_class": 3}
{"gth_mean": -0.6143825923333919}
{"gth_class": 3}
{"s_mean": -0.6354960221071797}
{"s_class": 3}
{"seg_density": 201.76479176025157}
{"seg_mean": -0.6239832852315528}
{"seg_class": 3}
{"gth_density": 206.91637605762634}
{"gth_mean": -0.6143825923333919}
{"gth_class": 3}
{"s_density": 195.58723404255318}
{"s_mean": -0.6354960221071797}
{"s_class": 3}
