{"s_mean": -0.6813704583736092}
{"s_class": 3}
{"seg_mean": -0.6919432745405323}
{"seg_class": 3}
{"gth_mean": -0.7181817828606233}
{"gth_class": 4}
{"s_mean": -0.6813704583736092}
{"s_class": 3}
{"seg_mean": -0.6919432745405323}
{"seg_class": 3}
{"gth_mean": -0.7181817828606233}
{"gth_class": 4}
{"s_mean": -0.6813704583736092}
{"s_class": 3}
{"seg_density": 165.29850568198765}
{"seg_mean": -0.6919432745405323}
{"seg_class": 3}
{"gth_density": 151.2193252642691}
{"gth_mean": -0.7181817828606233}
{"gth_class": 4}
{"s_density": 170.97171638899653}
{"s_mean": -0.6813704583736092}
{"s_class": 3}
