{"s_mean": -0.6557435804862881}
{"s_class": 3}
{"seg_mean": -0.5942579031014403}
{"seg_class": 3}
{"gth_mean": -0.5975062887970933}
{"gth_class": 3}
{"s_mean": -0.6557435804862881}
{"s_class": 3}
{"seg_mean": -0.5942579031014403}
{"seg_class": 3}
{"gth_mean": -0.5975062887970933}
{"gth_class": 3}
{"s_mean": -0.6557435804862881}
{"s_class": 3}
{"seg_density": 217.7149750896532}
{"seg_mean": -0.5942579031014403}
{"seg_class": 3}
{"gth_density": 215.97194123584165}
{"gth_mean": -0.5975062887970933}
{"gth_class": 3}
{"s_density": 184.72270531400966}
{"s_mean": -0.6557435804862881}
{"s_class": 3}
