{"s_mean": -0.6506161086832368}
{"s_class": 3}
{"seg_mean": -0.6122444275633306}
{"seg_class": 3}
{"gth_mean": -0.5965389624321246}
{"gth_class": 3}
{"s_mean": -0.6506161086832368}
{"s_class": 3}
{"seg_mean": -0.6122444275633306}
{"seg_class": 3}
{"gth_mean": -0.5965389624321246}
{"gth_class": 3}
{"s_mean": -0.6506161086832368}
{"s_class": 3}
{"seg_density": 208.06368242097818}
{"seg_mean": -0.6122444275633306}
{"seg_class": 3}
{"gth_density": 216.4909937006032}
{"gth_mean": -0.5965389624321246}
{"gth_class": 3}
{"s_density": 187.47402790145443}
{"s_mean": -0.6506161086832368}
{"s_class": 3}
