{"s_mean": -0.6134356594380049}
{"s_class": 3}
{"seg_mean": -0.5806429416158787}
{"seg_class": 3}
{"gth_mean": -0.5920565670039566}
{"gth_class": 3}
{"s_mean": -0.6134356594380049}
{"s_class": 3}
{"seg_mean": -0.5806429416158787}
{"seg_class": 3}
{"gth_mean": -0.5920565670039566}
{"gth_class": 3}
{"s_mean": -0.6134356594380049}
{"s_class": 3}
{"seg_density": 225.02055423298947}
{"seg_mean": -0.5806429416158787}
{"seg_class": 3}
{"gth_density": 218.8961782166914}
{"gth_mean": -0.5920565670039566}
{"gth_class": 3}
{"s_density": 207.42448569994983}
{"s_mean": -0.6134356594380049}
{"s_class": 3}
