{"s_mean": -0.6335460452862818}
{"s_class": 3}
{"seg_mean": -0.5736780717819123}
{"seg_class": 3}
{"gth_mean": -0.5730439153184546}
{"gth_class": 3}
{"s_mean": -0.6335460452862818}
{"s_class": 3}
{"seg_mean": -0.5736780717819123}
{"seg_class": 3}
{"gth_mean": -0.5730439153184546}
{"gth_class": 3}
{"s_mean": -0.6335460452862818}
{"s_class": 3}
{"seg_density": 228.75779637275141}
{"seg_mean": -0.5736780717819123}
{"seg_class": 3}
{"gth_density": 229.09807498741822}
{"gth_mean": -0.5730439153184546}
{"gth_class": 3}
{"s_density": 196.6335616438356}
{"s_mean": -0.6335460452862818}
{"s_class": 3}
