{"s_mean": -0.5576879727357296}
{"s_class": 3}
{"seg_mean": -0.4758112285040338}
{"seg_class": 2}
{"gth_mean": -0.42122958678646993}
{"gth_class": 2}
{"s_mean": -0.5576879727357296}
{"s_class": 3}
{"seg_mean": -0.4758112285040338}
{"seg_class": 2}
{"gth_mean": -0.42122958678646993}
{"gth_class": 2}
{"s_mean": -0.5576879727357296}
{"s_class": 3}
{"seg_density": 281.2716407808492}
{"seg_mean": -0.4758112285040338}
{"seg_class": 2}
{"gth_density": 310.55931109587385}
{"gth_mean": -0.42122958678646993}
{"gth_class": 2}
{"s_density": 237.33783783783784}
{"s_mean": -0.5576879727357296}
{"s_class": 3}
