{"s_mean": -0.45831518800271925}
{"s_class": 2}
{"seg_mean": -0.45642046946331}
{"seg_class": 2}
{"gth_mean": -0.41307862570924886}
{"gth_class": 2}
{"s_mean": -0.45831518800271925}
{"s_class": 2}
{"seg_mean": -0.45642046946331}
{"seg_class": 2}
{"gth_mean": -0.41307862570924886}
{"gth_class": 2}
{"s_mean": -0.45831518800271925}
{"s_class": 2}
{"seg_density": 291.67642414888144}
{"seg_mean": -0.45642046946331}
{"seg_class": 2}
{"gth_density": 314.9329915728286}
{"gth_mean": -0.41307862570924886}
{"gth_class": 2}
{"s_density": 290.6597472924188}
{"s_mean": -0.45831518800271925}
{"s_class": 2}
