{"s_mean": -0.666790612338974}
{"s_class": 3}
{"seg_mean": -0.6681538469538791}
{"seg_class": 3}
{"gth_mean": -0.6932738539014506}
{"gth_class": 3}
{"s_mean": -0.666790612338974}
{"s_class": 3}
{"seg_mean": -0.6681538469538791}
{"seg_class": 3}
{"gth_mean": -0.6932738539014506}
{"gth_class": 3}
{"s_mean": -0.666790612338974}
{"s_class": 3}
{"seg_density": 178.06354700753727}
{"seg_mean": -0.6681538469538791}
{"seg_class": 3}
{"gth_density": 164.58453724087323}
{"gth_mean": -0.6932738539014506}
{"gth_class": 3}
{"s_density": 178.79503775620282}
{"s_mean": -0.666790612338974}
{"s_class": 3}
