{"s_mean": -0.578866737703861}
{"s_class": 3}
{"seg_mean": -0.5783423512060766}
{"seg_class": 3}
{"gth_mean": -0.5809819751104598}
{"gth_class": 3}
{"s_mean": -0.578866737703861}
{"s_class": 3}
{"seg_mean": -0.5783423512060766}
{"seg_class": 3}
{"gth_mean": -0.5809819751104598}
{"gth_class": 3}
{"s_mean": -0.578866737703861}
{"s_class": 3}
{"seg_density": 226.25501569900484}
{"seg_mean": -0.5783423512060766}
{"seg_class": 3}
{"gth_density": 224.83863406894562}
{"gth_mean": -0.5809819751104598}
{"gth_class": 3}
{"s_density": 225.97363796133567}
{"s_mean": -0.578866737703861}
{"s_class": 3}
