{"s_mean": -0.654096204527818}
{"s_class": 3}
{"seg_mean": -0.6056081050421599}
{"seg_class": 3}
{"gth_mean": -0.6350604761182564}
{"gth_class": 3}
{"s_mean": -0.654096204527818}
{"s_class": 3}
{"seg_mean": -0.6056081050421599}
{"seg_class": 3}
{"gth_mean": -0.6350604761182564}
{"gth_class": 3}
{"s_mean": -0.654096204527818}
{"s_class": 3}
{"seg_density": 211.62463112072535}
{"seg_mean": -0.6056081050421599}
{"seg_class": 3}
{"gth_density": 195.82094132817537}
{"gth_mean": -0.6350604761182564}
{"gth_class": 3}
{"s_density": 185.6066619418852}
{"s_mean": -0.654096204527818}
{"s_class": 3}
