{"s_mean": -0.5682863440448996}
{"s_class": 3}
{"seg_mean": -0.5214588357978265}
{"seg_class": 3}
{"gth_mean": -0.5680022091780018}
{"gth_class": 3}
{"s_mean": -0.5682863440448996}
{"s_class": 3}
{"seg_mean": -0.5214588357978265}
{"seg_class": 3}
{"gth_mean": -0.5680022091780018}
{"gth_class": 3}
{"s_mean": -0.5682863440448996}
{"s_class": 3}
{"seg_density": 256.7778360688501}
{"seg_mean": -0.5214588357978265}
{"seg_class": 3}
{"gth_density": 231.80337703807635}
{"gth_mean": -0.5680022091780018}
{"gth_class": 3}
{"s_density": 231.65091463414635}
{"s_mean": -0.5682863440448996}
{"s_class": 3}
