{"s_mean": -0.8012634470086067}
{"s_class": 4}
{"seg_mean": -0.7639165310027928}
{"seg_class": 4}
{"gth_mean": -0.7668699907462563}
{"gth_class": 4}
{"s_mean": -0.8012634470086067}
{"s_class": 4}
{"seg_mean": -0.7639165310027928}
{"seg_class": 4}
{"gth_mean": -0.7668699907462563}
{"gth_class": 4}
{"s_mean": -0.8012634470086067}
{"s_class": 4}
{"seg_density": 126.67876211192407}
{"seg_mean": -0.7639165310027928}
{"seg_class": 4}
{"gth_density": 125.09398099260824}
{"gth_mean": -0.7668699907462563}
{"gth_class": 4}
{"s_density": 106.63898080741231}
{"s_mean": -0.8012634470086067}
{"s_class": 4}
