{"s_mean": -0.7644475460907035}
{"s_class": 4}
{"seg_mean": -0.709169255485119}
{"seg_class": 4}
{"gth_mean": -0.7172192976522962}
{"gth_class": 4}
{"s_mean": -0.7644475460907035}
{"s_class": 4}
{"seg_mean": -0.709169255485119}
{"seg_class": 4}
{"gth_mean": -0.7172192976522962}
{"gth_class": 4}
{"s_mean": -0.7644475460907035}
{"s_class": 4}
{"seg_density": 156.0553089791738}
{"seg_mean": -0.709169255485119}
{"seg_class": 4}
{"gth_density": 151.73578003875969}
{"gth_mean": -0.7172192976522962}
{"gth_class": 4}
{"s_density": 126.39382757463939}
{"s_mean": -0.7644475460907035}
{"s_class": 4}
