{"s_mean": -0.8282188065953501}
{"s_class": 4}
{"seg_mean": -0.7834405189637279}
{"seg_class": 4}
{"gth_mean": -0.8161923970692375}
{"gth_class": 4}
{"s_mean": -0.8282188065953501}
{"s_class": 4}
{"seg_mean": -0.7834405189637279}
{"seg_class": 4}
{"gth_mean": -0.8161923970692375}
{"gth_class": 4}
{"s_mean": -0.8282188065953501}
{"s_class": 4}
{"seg_density": 116.202490152329}
{"seg_mean": -0.7834405189637279}
{"seg_class": 4}
{"gth_density": 98.62833558373585}
{"gth_mean": -0.8161923970692375}
{"gth_class": 4}
{"s_density": 92.17514901421366}
{"s_mean": -0.8282188065953501}
{"s_class": 4}
