{"s_mean": -0.7165049771017423}
{"s_class": 4}
{"seg_mean": -0.712864798834505}
{"seg_class": 4}
{"gth_mean": -0.7192344952703326}
{"gth_class": 4}
{"s_mean": -0.7165049771017423}
{"s_class": 4}
{"seg_mean": -0.712864798834505}
{"seg_class": 4}
{"gth_mean": -0.7192344952703326}
{"gth_class": 4}
{"s_mean": -0.7165049771017423}
{"s_class": 4}
{"seg_density": 154.0723371988129}
{"seg_mean": -0.712864798834505}
{"seg_class": 4}
{"gth_density": 150.6544559598308}
{"gth_mean": -0.7192344952703326}
{"gth_class": 4}
{"s_density": 152.119073470865}
{"s_mean": -0.7165049771017423}
{"s_class": 4}
