{"s_mean": -0.6678528853081351}
{"s_class": 3}
{"seg_mean": -0.6464439026649828}
{"seg_class": 3}
{"gth_mean": -0.6461319077528606}
{"gth_class": 3}
{"s_mean": -0.6678528853081351}
{"s_class": 3}
{"seg_mean": -0.6464439026649828}
{"seg_class": 3}
{"gth_mean": -0.6461319077528606}
{"gth_class": 3}
{"s_mean": -0.6678528853081351}
{"s_class": 3}
{"seg_density": 189.71276954615044}
{"seg_mean": -0.6464439026649828}
{"seg_class": 3}
{"gth_density": 189.8801812222865}
{"gth_mean": -0.6461319077528606}
{"gth_class": 3}
{"s_density": 178.22503840245776}
{"s_mean": -0.6678528853081351}
{"s_class": 3}
