{"s_mean": -0.5909766548220787}
{"s_class": 3}
{"seg_mean": -0.5746339656869961}
{"seg_class": 3}
{"gth_mean": -0.5382233137653103}
{"gth_class": 3}
{"s_mean": -0.5909766548220787}
{"s_class": 3}
{"seg_mean": -0.5746339656869961}
{"seg_class": 3}
{"gth_mean": -0.5382233137653103}
{"gth_class": 3}
{"s_mean": -0.5909766548220787}
{"s_class": 3}
{"seg_density": 228.24487839030775}
{"seg_mean": -0.5746339656869961}
{"seg_class": 3}
{"gth_density": 247.78227477269428}
{"gth_mean": -0.5382233137653103}
{"gth_class": 3}
{"s_density": 219.47564250095897}
{"s_mean": -0.5909766548220787}
{"s_class": 3}
