{"s_mean": -0.7957384226105502}
{"s_class": 4}
{"seg_mean": -0.7723510013493561}
{"seg_class": 4}
{"gth_mean": -0.7574969392184739}
{"gth_class": 4}
{"s_mean": -0.7957384226105502}
{"s_class": 4}
{"seg_mean": -0.7723510013493561}
{"seg_class": 4}
{"gth_mean": -0.7574969392184739}
{"gth_class": 4}
{"s_mean": -0.7957384226105502}
{"s_class": 4}
{"seg_density": 122.15295491707545}
{"seg_mean": -0.7723510013493561}
{"seg_class": 4}
{"gth_density": 130.1234164282795}
{"gth_mean": -0.7574969392184739}
{"gth_class": 4}
{"s_density": 109.60362400906003}
{"s_mean": -0.7957384226105502}
{"s_class": 4}
