{"s_mean": -0.6258451041244317}
{"s_class": 3}
{"seg_mean": -0.5642203702655183}
{"seg_class": 3}
{"gth_mean": -0.5709392052321642}
{"gth_class": 3}
{"s_mean": -0.6258451041244317}
{"s_class": 3}
{"seg_mean": -0.5642203702655183}
{"seg_class": 3}
{"gth_mean": -0.5709392052321642}
{"gth_class": 3}
{"s_mean": -0.6258451041244317}
{"s_class": 3}
{"seg_density": 233.83265369168984}
{"seg_mean": -0.5642203702655183}
{"seg_class": 3}
{"gth_density": 230.22743008147984}
{"gth_mean": -0.5709392052321642}
{"gth_class": 3}
{"s_density": 200.76576834862385}
{"s_mean": -0.6258451041244317}
{"s_class": 3}
