{"s_mean": -0.6219702092399746}
{"s_class": 3}
{"seg_mean": -0.6215655638940079}
{"seg_class": 3}
{"gth_mean": -0.6066683239779675}
{"gth_class": 3}
{"s_mean": -0.6219702092399746}
{"s_class": 3}
{"seg_mean": -0.6215655638940079}
{"seg_class": 3}
{"gth_mean": -0.6066683239779675}
{"gth_class": 3}
{"s_mean": -0.6219702092399746}
{"s_class": 3}
{"seg_density": 203.06210388241206}
{"seg_mean": -0.6215655638940079}
{"seg_class": 3}
{"gth_density": 211.05573392971812}
{"gth_mean": -0.6066683239779675}
{"gth_class": 3}
{"s_density": 202.8449774070212}
{"s_mean": -0.6219702092399746}
{"s_class": 3}
