{"s_mean": -0.603439298233997}
{"s_class": 3}
{"seg_mean": -0.5831491369613355}
{"seg_class": 3}
{"gth_mean": -0.5842842523144068}
{"gth_class": 3}
{"s_mean": -0.603439298233997}
{"s_class": 3}
{"seg_mean": -0.5831491369613355}
{"seg_class": 3}
{"gth_mean": -0.5842842523144068}
{"gth_class": 3}
{"s_mean": -0.603439298233997}
{"s_class": 3}
{"seg_density": 223.6757683175601}
{"seg_mean": -0.5831491369613355}
{"seg_class": 3}
{"gth_density": 223.06668285981038}
{"gth_mean": -0.5842842523144068}
{"gth_class": 3}
{"s_density": 212.78837953091684}
{"s_mean": -0.603439298233997}
{"s_class": 3}
