{"s_mean": -0.6317473496802873}
{"s_class": 3}
{"seg_mean": -0.5706323556342148}
{"seg_class": 3}
{"gth_mean": -0.5941216292349447}
{"gth_class": 3}
{"s_mean": -0.6317473496802873}
{"s_class": 3}
{"seg_mean": -0.5706323556342148}
{"seg_class": 3}
{"gth_mean": -0.5941216292349447}
{"gth_class": 3}
{"s_mean": -0.6317473496802873}
{"s_class": 3}
{"seg_density": 230.3920808610871}
{"seg_mean": -0.5706323556342148}
{"seg_class": 3}
{"gth_density": 217.7880975526075}
{"gth_mean": -0.5941216292349447}
{"gth_class": 3}
{"s_density": 197.59871406959152}
{"s_mean": -0.6317473496802873}
{"s_class": 3}
