{"s_mean": -0.7677954989084979}
{"s_class": 4}
{"seg_mean": -0.7437283262184397}
{"seg_class": 4}
{"gth_mean": -0.7703281835713343}
{"gth_class": 4}
{"s_mean": -0.7677954989084979}
{"s_class": 4}
{"seg_mean": -0.7437283262184397}
{"seg_class": 4}
{"gth_mean": -0.7703281835713343}
{"gth_class": 4}
{"s_mean": -0.7677954989084979}
{"s_class": 4}
{"seg_density": 137.5114426134721}
{"seg_mean": -0.7437283262184397}
{"seg_class": 4}
{"gth_density": 123.2383678567711}
{"gth_mean": -0.7703281835713343}
{"gth_class": 4}
{"s_density": 124.59736753290584}
{"s_mean": -0.7677954989084979}
{"s_class": 4}
