{"s_mean": -0.6151164674831147}
{"s_class": 3}
{"seg_mean": -0.5706101320109603}
{"seg_class": 3}
{"gth_mean": -0.5919785719168162}
{"gth_class": 3}
{"s_mean": -0.6151164674831147}
{"s_class": 3}
{"seg_mean": -0.5706101320109603}
{"seg_class": 3}
{"gth_mean": -0.5919785719168162}
{"gth_class": 3}
{"s_mean": -0.6151164674831147}
{"s_class": 3}
{"seg_density": 230.40400571586613}
{"seg_mean": -0.5706101320109603}
{"seg_class": 3}
{"gth_density": 218.93802918207973}
{"gth_mean": -0.5919785719168162}
{"gth_class": 3}
{"s_density": 206.52258992805756}
{"s_mean": -0.6151164674831147}
{"s_class": 3}
