{"s_mean": -0.5990942624183341}
{"s_class": 3}
{"seg_mean": -0.5642203702655183}
{"seg_class": 3}
{"gth_mean": -0.5639794463787536}
{"gth_class": 3}
{"s_mean": -0.5990942624183341}
{"s_class": 3}
{"seg_mean": -0.5642203702655183}
{"seg_class": 3}
{"gth_mean": -0.5639794463787536}
{"gth_class": 3}
{"s_mean": -0.5990942624183341}
{"s_class": 3}
{"seg_density": 233.83265369168984}
{"seg_mean": -0.5642203702655183}
{"seg_class": 3}
{"gth_density": 233.96192974760427}
{"gth_mean": -0.5639794463787536}
{"gth_class": 3}
{"s_density": 215.11985898942422}
{"s_mean": -0.5990942624183341}
{"s_class": 3}
