{"s_mean": -0.6121846957191155}
{"s_class": 3}
{"seg_mean": -0.6215606290993747}
{"seg_class": 3}
{"gth_mean": -0.6448805221546974}
{"gth_class": 3}
{"s_mean": -0.6121846957191155}
{"s_class": 3}
{"seg_mean": -0.6215606290993747}
{"seg_class": 3}
{"gth_mean": -0.6448805221546974}
{"gth_class": 3}
{"s_mean": -0.6121846957191155}
{"s_class": 3}
{"seg_density": 203.06475181739057}
{"seg_mean": -0.6215606290993747}
{"seg_class": 3}
{"gth_density": 190.55165550709503}
{"gth_mean": -0.6448805221546974}
{"gth_class": 3}
{"s_density": 208.09573361082207}
{"s_mean": -0.6121846957191155}
{"s_class": 3}
