{"s_mean": -0.7545784721515603}
{"s_class": 4}
{"seg_mean": -0.7149801619359974}
{"seg_class": 4}
{"gth_mean": -0.704364681084023}
{"gth_class": 4}
{"s_mean": -0.7545784721515603}
{"s_class": 4}
{"seg_mean": -0.7149801619359974}
{"seg_class": 4}
{"gth_mean": -0.704364681084023}
{"gth_class": 4}
{"s_mean": -0.7545784721515603}
{"s_class": 4}
{"seg_density": 152.93726586047418}
{"seg_mean": -0.7149801619359974}
{"seg_class": 4}
{"gth_density": 158.6333697819515}
{"gth_mean": -0.704364681084023}
{"gth_class": 4}
{"s_density": 131.6894210150107}
{"s_mean": -0.7545784721515603}
{"s_class": 4}
