{"s_mean": -0.5922290074077748}
{"s_class": 3}
{"seg_mean": -0.6092702291794302}
{"seg_class": 3}
{"gth_mean": -0.6263492226151668}
{"gth_class": 3}
{"s_mean": -0.5922290074077748}
{"s_class": 3}
{"seg_mean": -0.6092702291794302}
{"seg_class": 3}
{"gth_mean": -0.6263492226151668}
{"gth_class": 3}
{"s_mean": -0.5922290074077748}
{"s_class": 3}
{"seg_density": 209.65959157610945}
{"seg_mean": -0.6092702291794302}
{"seg_class": 3}
{"gth_density": 200.4952661121255}
{"gth_mean": -0.6263492226151668}
{"gth_class": 3}
{"s_density": 218.80364934549783}
{"s_mean": -0.5922290074077748}
{"s_class": 3}
