{"s_mean": -0.7033561879779406}
{"s_class": 4}
{"seg_mean": -0.6760650776413585}
{"seg_class": 3}
{"gth_mean": -0.6642592660280295}
{"gth_class": 3}
{"s_mean": -0.7033561879779406}
{"s_class": 4}
{"seg_mean": -0.6760650776413585}
{"seg_class": 3}
{"gth_mean": -0.6642592660280295}
{"gth_class": 3}
{"s_mean": -0.7033561879779406}
{"s_class": 4}
{"seg_density": 173.81850217433217}
{"seg_mean": -0.6760650776413585}
{"seg_class": 3}
{"gth_density": 180.15331929327567}
{"gth_mean": -0.6642592660280295}
{"gth_class": 3}
{"s_density": 159.17451168748}
{"s_mean": -0.7033561879779406}
{"s_class": 4}
