{"s_mean": -0.5462996891146258}
{"s_class": 3}
{"seg_mean": -0.5113136288793082}
{"seg_class": 3}
{"gth_mean": -0.5121568726179694}
{"gth_class": 3}
{"s_mean": -0.5462996891146258}
{"s_class": 3}
{"seg_mean": -0.5113136288793082}
{"seg_class": 3}
{"gth_mean": -0.5121568726179694}
{"gth_class": 3}
{"s_mean": -0.5462996891146258}
{"s_class": 3}
{"seg_density": 262.2215982232533}
{"seg_mean": -0.5113136288793082}
{"seg_class": 3}
{"gth_density": 261.76912658927586}
{"gth_mean": -0.5121568726179694}
{"gth_class": 3}
{"s_density": 243.44861585134623}
{"s_mean": -0.5462996891146258}
{"s_class": 3}
