{"s_mean": -0.5981059045107052}
{"s_class": 3}
{"seg_mean": -0.5898786372246634}
{"seg_class": 3}
{"gth_mean": -0.605971747845344}
{"gth_class": 3}
{"s_mean": -0.5981059045107052}
{"s_class": 3}
{"seg_mean": -0.5898786372246634}
{"seg_class": 3}
{"gth_mean": -0.605971747845344}
{"gth_class": 3}
{"s_mean": -0.5981059045107052}
{"s_class": 3}
{"seg_density": 220.06482187301967}
{"seg_mean": -0.5898786372246634}
{"seg_class": 3}
{"gth_density": 211.4295059797997}
{"gth_mean": -0.605971747845344}
{"gth_class": 3}
{"s_density": 215.65019665683383}
{"s_mean": -0.5981059045107052}
{"s_class": 3}
