{"s_mean": -0.5557477016938583}
{"s_class": 3}
{"seg_mean": -0.538539263350936}
{"seg_class": 3}
{"gth_mean": -0.5435762759995527}
{"gth_class": 3}
{"s_mean": -0.5557477016938583}
{"s_class": 3}
{"seg_mean": -0.538539263350936}
{"seg_class": 3}
{"gth_mean": -0.5435762759995527}
{"gth_class": 3}
{"s_mean": -0.5557477016938583}
{"s_class": 3}
{"seg_density": 247.61274107951849}
{"seg_mean": -0.538539263350936}
{"seg_class": 3}
{"gth_density": 244.90995748446548}
{"gth_mean": -0.5435762759995527}
{"gth_class": 3}
{"s_density": 238.37895746722097}
{"s_mean": -0.5557477016938583}
{"s_class": 3}
