{"s_mean": -0.5725990050474647}
{"s_class": 3}
{"seg_mean": -0.5157447684938224}
{"seg_class": 3}
{"gth_mean": -0.515755076687115}
{"gth_class": 3}
{"s_mean": -0.5725990050474647}
{"s_class": 3}
{"seg_mean": -0.5157447684938224}
{"seg_class": 3}
{"gth_mean": -0.515755076687115}
{"gth_class": 3}
{"s_mean": -0.5725990050474647}
{"s_class": 3}
{"seg_density": 259.84391678924146}
{"seg_mean": -0.5157447684938224}
{"seg_class": 3}
{"gth_density": 259.838385571103}
{"gth_mean": -0.515755076687115}
{"gth_class": 3}
{"s_density": 229.33680700291788}
{"s_mean": -0.5725990050474647}
{"s_class": 3}
