{"s_mean": -0.8121925248500138}
{"s_class": 4}
{"seg_mean": -0.7847994116886494}
{"seg_class": 4}
{"gth_mean": -0.766094804500279}
{"gth_class": 4}
{"s_mean": -0.8121925248500138}
{"s_class": 4}
{"seg_mean": -0.7847994116886494}
{"seg_class": 4}
{"gth_mean": -0.766094804500279}
{"gth_class": 4}
{"s_mean": -0.8121925248500138}
{"s_class": 4}
{"seg_density": 115.4733291951169}
{"seg_mean": -0.7847994116886494}
{"seg_class": 4}
{"gth_density": 125.50993402169456}
{"gth_mean": -0.766094804500279}
{"gth_class": 4}
{"s_density": 100.77460555972952}
{"s_mean": -0.8121925248500138}
{"s_class": 4}
