{"s_mean": -0.7467512890637693}
{"s_class": 4}
{"seg_mean": -0.694979747625355}
{"seg_class": 3}
{"gth_mean": -0.6847221293931436}
{"gth_class": 3}
{"s_mean": -0.7467512890637693}
{"s_class": 4}
{"seg_mean": -0.694979747625355}
{"seg_class": 3}
{"gth_mean": -0.6847221293931436}
{"gth_class": 3}
{"s_mean": -0.7467512890637693}
{"s_class": 4}
{"seg_density": 163.66918087917367}
{"seg_mean": -0.694979747625355}
{"seg_class": 3}
{"gth_density": 169.1732612173383}
{"gth_mean": -0.6847221293931436}
{"gth_class": 3}
{"s_density": 135.88936719758934}
{"s_mean": -0.7467512890637693}
{"s_class": 4}
