{"s_mean": -0.4568578345598315}
{"s_class": 2}
{"seg_mean": -0.4363377954326684}
{"seg_class": 2}
{"gth_mean": -0.39587488905090007}
{"gth_class": 2}
{"s_mean": -0.4568578345598315}
{"s_class": 2}
{"seg_mean": -0.4363377954326684}
{"seg_class": 2}
{"gth_mean": -0.39587488905090007}
{"gth_class": 2}
{"s_mean": -0.4568578345598315}
{"s_class": 2}
{"seg_density": 302.4524784694364}
{"seg_mean": -0.4363377954326684}
{"seg_class": 2}
{"gth_density": 324.164252333424}
{"gth_mean": -0.39587488905090007}
{"gth_class": 2}
{"s_density": 291.44174075807206}
{"s_mean": -0.4568578345598315}
{"s_class": 2}
