{"s_mean": -0.6235346991053017}
{"s_class": 3}
{"seg_mean": -0.5849186272929889}
{"seg_class": 3}
{"gth_mean": -0.6163238628156295}
{"gth_class": 3}
{"s_mean": -0.6235346991053017}
{"s_class": 3}
{"seg_mean": -0.5849186272929889}
{"seg_class": 3}
{"gth_mean": -0.6163238628156295}
{"gth_class": 3}
{"s_mean": -0.6235346991053017}
{"s_class": 3}
{"seg_density": 222.72628699328524}
{"seg_mean": -0.5849186272929889}
{"seg_class": 3}
{"gth_density": 205.87472014389866}
{"gth_mean": -0.6163238628156295}
{"gth_class": 3}
{"s_density": 202.0054961832061}
{"s_mean": -0.6235346991053017}
{"s_class": 3}
