{"s_mean": -0.6501418728273682}
{"s_class": 3}
{"seg_mean": -0.6040288271752321}
{"seg_class": 3}
{"gth_mean": -0.6143799772578681}
{"gth_class": 3}
{"s_mean": -0.6501418728273682}
{"s_class": 3}
{"seg_mean": -0.6040288271752321}
{"seg_class": 3}
{"gth_mean": -0.6143799772578681}
{"gth_class": 3}
{"s_mean": -0.6501418728273682}
{"s_class": 3}
{"seg_density": 212.47204735898612}
{"seg_mean": -0.6040288271752321}
{"seg_class": 3}
{"gth_density": 206.91777926697253}
{"gth_mean": -0.6143799772578681}
{"gth_class": 3}
{"s_density": 187.72849557522125}
{"s_mean": -0.6501418728273682}
{"s_class": 3}
