{"s_mean": -0.5319870355471008}
{"s_class": 3}
{"seg_mean": -0.5001394619695326}
{"seg_class": 3}
{"gth_mean": -0.495866030769346}
{"gth_class": 2}
{"s_mean": -0.5319870355471008}
{"s_class": 3}
{"seg_mean": -0.5001394619695326}
{"seg_class": 3}
{"gth_mean": -0.495866030769346}
{"gth_class": 2}
{"s_mean": -0.5319870355471008}
{"s_class": 3}
{"seg_density": 268.2174844993023}
{"seg_mean": -0.5001394619695326}
{"seg_class": 3}
{"gth_density": 270.51054202132866}
{"gth_mean": -0.495866030769346}
{"gth_class": 2}
{"s_density": 251.1285658460336}
{"s_mean": -0.5319870355471008}
{"s_class": 3}
