{"s_mean": -0.5948303002373296}
{"s_class": 3}
{"seg_mean": -0.6076010861310855}
{"seg_class": 3}
{"gth_mean": -0.6107862603865679}
{"gth_class": 3}
{"s_mean": -0.5948303002373296}
{"s_class": 3}
{"seg_mean": -0.6076010861310855}
{"seg_class": 3}
{"gth_mean": -0.6107862603865679}
{"gth_class": 3}
{"s_mean": -0.5948303002373296}
{"s_class": 3}
{"seg_density": 210.55522808996687}
{"seg_mean": -0.6076010861310855}
{"seg_class": 3}
{"gth_density": 208.84611252372596}
{"gth_mean": -0.6107862603865679}
{"gth_class": 3}
{"s_density": 217.407835581246}
{"s_mean": -0.5948303002373296}
{"s_class": 3}
