{"s_mean": -0.6377809853778181}
{"s_class": 3}
{"seg_mean": -0.58110998818156}
{"seg_class": 3}
{"gth_mean": -0.607835118681729}
{"gth_class": 3}
{"s_mean": -0.6377809853778181}
{"s_class": 3}
{"seg_mean": -0.58110998818156}
{"seg_class": 3}
{"gth_mean": -0.607835118681729}
{"gth_class": 3}
{"s_mean": -0.6377809853778181}
{"s_class": 3}
{"seg_density": 224.76994422187585}
{"seg_mean": -0.58110998818156}
{"seg_class": 3}
{"gth_density": 210.42964981913184}
{"gth_mean": -0.607835118681729}
{"gth_class": 3}
{"s_density": 194.36115785930664}
{"s_mean": -0.6377809853778181}
{"s_class": 3}
