{"s_mean": -0.5713108898583665}
{"s_class": 3}
{"seg_mean": -0.5277639792402478}
{"seg_class": 3}
{"gth_mean": -0.533604061586578}
{"gth_class": 3}
{"s_mean": -0.5713108898583665}
{"s_class": 3}
{"seg_mean": -0.5277639792402478}
{"seg_class": 3}
{"gth_mean": -0.533604061586578}
{"gth_class": 3}
{"s_mean": -0.5713108898583665}
{"s_class": 3}
{"seg_density": 253.39459297429235}
{"seg_mean": -0.5277639792402478}
{"seg_class": 3}
{"gth_density": 250.2608945183722}
{"gth_mean": -0.533604061586578}
{"gth_class": 3}
{"s_density": 230.02798982188295}
{"s_mean": -0.5713108898583665}
{"s_class": 3}
