{"s_mean": -0.712245689127138}
{"s_class": 4}
{"seg_mean": -0.6430501395426808}
{"seg_class": 3}
{"gth_mean": -0.6512210055319066}
{"gth_class": 3}
{"s_mean": -0.712245689127138}
{"s_class": 4}
{"seg_mean": -0.6430501395426808}
{"seg_class": 3}
{"gth_mean": -0.6512210055319066}
{"gth_class": 3}
{"s_mean": -0.712245689127138}
{"s_class": 4}
{"seg_density": 191.53381069342103}
{"seg_mean": -0.6430501395426808}
{"seg_class": 3}
{"gth_density": 187.1494495465176}
{"gth_mean": -0.6512210055319066}
{"gth_class": 3}
{"s_density": 154.40454195535028}
{"s_mean": -0.712245689127138}
{"s_class": 4}
