{"s_mean": -0.8193831080323967}
{"s_class": 4}
{"seg_mean": -0.7845370194417847}
{"seg_class": 4}
{"gth_mean": -0.7965142256056328}
{"gth_class": 4}
{"s_mean": -0.8193831080323967}
{"s_class": 4}
{"seg_mean": -0.7845370194417847}
{"seg_class": 4}
{"gth_mean": -0.7965142256056328}
{"gth_class": 4}
{"s_mean": -0.8193831080323967}
{"s_class": 4}
{"seg_density": 115.61412484320607}
{"seg_mean": -0.7845370194417847}
{"seg_class": 4}
{"gth_density": 109.18734004187995}
{"gth_mean": -0.7965142256056328}
{"gth_class": 4}
{"s_density": 96.91624910522549}
{"s_mean": -0.8193831080323967}
{"s_class": 4}
