{"s_mean": -0.7848656739522678}
{"s_class": 4}
{"seg_mean": -0.7597243378099733}
{"seg_class": 4}
{"gth_mean": -0.7624800264748303}
{"gth_class": 4}
{"s_mean": -0.7848656739522678}
{"s_class": 4}
{"seg_mean": -0.7597243378099733}
{"seg_class": 4}
{"gth_mean": -0.7624800264748303}
{"gth_class": 4}
{"s_mean": -0.7848656739522678}
{"s_class": 4}
{"seg_density": 128.9282285673949}
{"seg_mean": -0.7597243378099733}
{"seg_class": 4}
{"gth_density": 127.44956837016575}
{"gth_mean": -0.7624800264748303}
{"gth_class": 4}
{"s_density": 115.43777388255916}
{"s_mean": -0.7848656739522678}
{"s_class": 4}
