{"s_mean": -0.706799881293108}
{"s_class": 4}
{"seg_mean": -0.6607923963086161}
{"seg_class": 3}
{"gth_mean": -0.6554475884183517}
{"gth_class": 3}
{"s_mean": -0.706799881293108}
{"s_class": 4}
{"seg_mean": -0.6607923963086161}
{"seg_class": 3}
{"gth_mean": -0.6554475884183517}
{"gth_class": 3}
{"s_mean": -0.706799881293108}
{"s_class": 4}
{"seg_density": 182.01358831729533}
{"seg_mean": -0.6607923963086161}
{"seg_class": 3}
{"gth_density": 184.8815301098346}
{"gth_mean": -0.6554475884183517}
{"gth_class": 3}
{"s_density": 157.32667876588022}
{"s_mean": -0.706799881293108}
{"s_class": 4}
