{"s_mean": -0.5776425246587003}
{"s_class": 3}
{"seg_mean": -0.5632830068937679}
{"seg_class": 3}
{"gth_mean": -0.5635091741895071}
{"gth_class": 3}
{"s_mean": -0.5776425246587003}
{"s_class": 3}
{"seg_mean": -0.5632830068937679}
{"seg_class": 3}
{"gth_mean": -0.5635091741895071}
{"gth_class": 3}
{"s_mean": -0.5776425246587003}
{"s_class": 3}
{"seg_density": 234.3356284746629}
{"seg_mean": -0.5632830068937679}
{"seg_class": 3}
{"gth_density": 234.21427057876224}
{"gth_mean": -0.5635091741895071}
{"gth_class": 3}
{"s_density": 226.63053187170118}
{"s_mean": -0.5776425246587003}
{"s_class": 3}
