{"s_mean": -0.6770608866224365}
{"s_class": 3}
{"seg_mean": -0.6261999919880981}
{"seg_class": 3}
{"gth_mean": -0.6366478990852305}
{"gth_class": 3}
{"s_mean": -0.6770608866224365}
{"s_class": 3}
{"seg_mean": -0.6261999919880981}
{"seg_class": 3}
{"gth_mean": -0.6366478990852305}
{"gth_class": 3}
{"s_mean": -0.6770608866224365}
{"s_class": 3}
{"seg_density": 200.57534097372655}
{"seg_mean": -0.6261999919880981}
{"seg_class": 3}
{"gth_density": 194.9691545543768}
{"gth_mean": -0.6366478990852305}
{"gth_class": 3}
{"s_density": 173.28416637539323}
{"s_mean": -0.6770608866224365}
{"s_class": 3}
