{"s_mean": -0.6417606361583392}
{"s_class": 3}
{"seg_mean": -0.6669417278459806}
{"seg_class": 3}
{"gth_mean": -0.6770365869597825}
{"gth_class": 3}
{"s_mean": -0.6417606361583392}
{"s_class": 3}
{"seg_mean": -0.6669417278459806}
{"seg_class": 3}
{"gth_mean": -0.6770365869597825}
{"gth_class": 3}
{"s_mean": -0.6417606361583392}
{"s_class": 3}
{"seg_density": 178.71395149698768}
{"seg_mean": -0.6669417278459806}
{"seg_class": 3}
{"gth_density": 173.29720520101628}
{"gth_mean": -0.6770365869597825}
{"gth_class": 3}
{"s_density": 192.22573839662448}
{"s_mean": -0.6417606361583392}
{"s_class": 3}
