{"s_mean": -0.710699863411001}
{"s_class": 4}
{"seg_mean": -0.6903947661271695}
{"seg_class": 3}
{"gth_mean": -0.7385542759621654}
{"gth_class": 4}
{"s_mean": -0.710699863411001}
{"s_class": 4}
{"seg_mean": -0.6903947661271695}
{"seg_class": 3}
{"gth_mean": -0.7385542759621654}
{"gth_class": 4}
{"s_mean": -0.710699863411001}
{"s_class": 4}
{"seg_density": 166.12941150422884}
{"seg_mean": -0.6903947661271695}
{"seg_class": 3}
{"gth_density": 140.2877584832523}
{"gth_mean": -0.7385542759621654}
{"gth_class": 4}
{"s_density": 155.23400828347906}
{"s_mean": -0.710699863411001}
{"s_class": 4}
