{"s_mean": -0.8071894102178254}
{"s_class": 4}
{"seg_mean": -0.8011850409726247}
{"seg_class": 4}
{"gth_mean": -0.8265103066064715}
{"gth_class": 4}
{"s_mean": -0.8071894102178254}
{"s_class": 4}
{"seg_mean": -0.8011850409726247}
{"seg_class": 4}
{"gth_mean": -0.8265103066064715}
{"gth_class": 4}
{"s_mean": -0.8071894102178254}
{"s_class": 4}
{"seg_density": 106.68105228163493}
{"seg_mean": -0.8011850409726247}
{"seg_class": 4}
{"gth_density": 93.09190385765393}
{"gth_mean": -0.8265103066064715}
{"gth_class": 4}
{"s_density": 103.4592}
{"s_mean": -0.8071894102178254}
{"s_class": 4}
