{"s_mean": -0.7848921687046125}
{"s_class": 4}
{"seg_mean": -0.7700873464656294}
{"seg_class": 4}
{"gth_mean": -0.7385504859376453}
{"gth_class": 4}
{"s_mean": -0.7848921687046125}
{"s_class": 4}
{"seg_mean": -0.7700873464656294}
{"seg_class": 4}
{"gth_mean": -0.7385504859376453}
{"gth_class": 4}
{"s_mean": -0.7848921687046125}
{"s_class": 4}
{"seg_density": 123.36759734730215}
{"seg_mean": -0.7700873464656294}
{"seg_class": 4}
{"gth_density": 140.28979215217726}
{"gth_mean": -0.7385504859376453}
{"gth_class": 4}
{"s_density": 115.42355720553493}
{"s_mean": -0.7848921687046125}
{"s_class": 4}
