{"s_mean": -0.5677099217607607}
{"s_class": 3}
{"seg_mean": -0.5478151512061291}
{"seg_class": 3}
{"gth_mean": -0.5414578454591735}
{"gth_class": 3}
{"s_mean": -0.5677099217607607}
{"s_class": 3}
{"seg_mean": -0.5478151512061291}
{"seg_class": 3}
{"gth_mean": -0.5414578454591735}
{"gth_class": 3}
{"s_mean": -0.5677099217607607}
{"s_class": 3}
{"seg_density": 242.6354421776679}
{"seg_mean": -0.5478151512061291}
{"seg_class": 3}
{"gth_density": 246.0466747633805}
{"gth_mean": -0.5414578454591735}
{"gth_class": 3}
{"s_density": 231.9602139752591}
{"s_mean": -0.5677099217607607}
{"s_class": 3}
