{"s_mean": -0.6181321827292378}
{"s_class": 3}
{"seg_mean": -0.6180316745569145}
{"seg_class": 3}
{"gth_mean": -0.615524338399805}
{"gth_class": 3}
{"s_mean": -0.6181321827292378}
{"s_class": 3}
{"seg_mean": -0.6180316745569145}
{"seg_class": 3}
{"gth_mean": -0.615524338399805}
{"gth_class": 3}
{"s_mean": -0.6181321827292378}
{"s_class": 3}
{"seg_density": 204.95833460354237}
{"seg_mean": -0.6180316745569145}
{"seg_class": 3}
{"gth_density": 206.3037326609763}
{"gth_mean": -0.615524338399805}
{"gth_class": 3}
{"s_density": 204.90440346255176}
{"s_mean": -0.6181321827292378}
{"s_class": 3}
