{"s_mean": -0.562969146487647}
{"s_class": 3}
{"seg_mean": -0.5544043719378363}
{"seg_class": 3}
{"gth_mean": -0.5527396311861622}
{"gth_class": 3}
{"s_mean": -0.562969146487647}
{"s_class": 3}
{"seg_mean": -0.5544043719378363}
{"seg_class": 3}
{"gth_mean": -0.5527396311861622}
{"gth_class": 3}
{"s_mean": -0.562969146487647}
{"s_class": 3}
{"seg_density": 239.09976757444196}
{"seg_mean": -0.5544043719378363}
{"seg_class": 3}
{"gth_density": 239.99304188354594}
{"gth_mean": -0.5527396311861622}
{"gth_class": 3}
{"s_density": 234.50404114621603}
{"s_mean": -0.562969146487647}
{"s_class": 3}
