{"s_mean": -0.837899830618909}
{"s_class": 4}
{"seg_mean": -0.8079477938085196}
{"seg_class": 4}
{"gth_mean": -0.8277215060254622}
{"gth_class": 4}
{"s_mean": -0.837899830618909}
{"s_class": 4}
{"seg_mean": -0.8079477938085196}
{"seg_class": 4}
{"gth_mean": -0.8277215060254622}
{"gth_class": 4}
{"s_mean": -0.837899830618909}
{"s_class": 4}
{"seg_density": 103.05226301757091}
{"seg_mean": -0.8079477938085196}
{"seg_class": 4}
{"gth_density": 92.4419928591408}
{"gth_mean": -0.8277215060254622}
{"gth_class": 4}
{"s_density": 86.98046026921406}
{"s_mean": -0.837899830618909}
{"s_class": 4}
