{"s_mean": -0.7683817325168245}
{"s_class": 4}
{"seg_mean": -0.751507004714542}
{"seg_class": 4}
{"gth_mean": -0.744713646012699}
{"gth_class": 4}
{"s_mean": -0.7683817325168245}
{"s_class": 4}
{"seg_mean": -0.751507004714542}
{"seg_class": 4}
{"gth_mean": -0.744713646012699}
{"gth_class": 4}
{"s_mean": -0.7683817325168245}
{"s_class": 4}
{"seg_density": 133.337523249535}
{"seg_mean": -0.751507004714542}
{"seg_class": 4}
{"gth_density": 136.9827351510169}
{"gth_mean": -0.744713646012699}
{"gth_class": 4}
{"s_density": 124.28280358598207}
{"s_mean": -0.7683817325168245}
{"s_class": 4}
