{"s_mean": -0.68388808387589}
{"s_class": 3}
{"seg_mean": -0.6787646051826935}
{"seg_class": 3}
{"gth_mean": -0.6808830668074443}
{"gth_class": 3}
{"s_mean": -0.68388808387589}
{"s_class": 3}
{"seg_mean": -0.6787646051826935}
{"seg_class": 3}
{"gth_mean": -0.6808830668074443}
{"gth_class": 3}
{"s_mean": -0.68388808387589}
{"s_class": 3}
{"seg_density": 172.36997717308597}
{"seg_mean": -0.6787646051826935}
{"seg_class": 3}
{"gth_density": 171.23324321477477}
{"gth_mean": -0.6808830668074443}
{"gth_class": 3}
{"s_density": 169.6207972270364}
{"s_mean": -0.68388808387589}
{"s_class": 3}
