{"s_mean": -0.8270705489404406}
{"s_class": 4}
{"seg_mean": -0.8129654418990829}
{"seg_class": 4}
{"gth_mean": -0.8168577768533918}
{"gth_class": 4}
{"s_mean": -0.8270705489404406}
{"s_class": 4}
{"seg_mean": -0.8129654418990829}
{"seg_class": 4}
{"gth_mean": -0.8168577768533918}
{"gth_class": 4}
{"s_mean": -0.8270705489404406}
{"s_class": 4}
{"seg_density": 100.3598701468386}
{"seg_mean": -0.8129654418990829}
{"seg_class": 4}
{"gth_density": 98.27130301492032}
{"gth_mean": -0.8168577768533918}
{"gth_class": 4}
{"s_density": 92.79128642920223}
{"s_mean": -0.8270705489404406}
{"s_class": 4}
