{"s_mean": -0.5072161645908866}
{"s_class": 3}
{"seg_mean": -0.47655597727533006}
{"seg_class": 2}
{"gth_mean": -0.4792845865842388}
{"gth_class": 2}
{"s_mean": -0.5072161645908866}
{"s_class": 3}
{"seg_mean": -0.47655597727533006}
{"seg_class": 2}
{"gth_mean": -0.4792845865842388}
{"gth_class": 2}
{"s_mean": -0.5072161645908866}
{"s_class": 3}
{"seg_density": 280.87202003301405}
{"seg_mean": -0.47655597727533006}
{"seg_class": 2}
{"gth_density": 279.40789020212054}
{"gth_mean": -0.4792845865842388}
{"gth_class": 2}
{"s_density": 264.4202346041056}
{"s_mean": -0.5072161645908866}
{"s_class": 3}
