{"s_mean": -0.7833508378235216}
{"s_class": 4}
{"seg_mean": -0.7498472647696004}
{"seg_class": 4}
{"gth_mean": -0.7400620403740582}
{"gth_class": 4}
{"s_mean": -0.7833508378235216}
{"s_class": 4}
{"seg_mean": -0.7498472647696004}
{"seg_class": 4}
{"gth_mean": -0.7400620403740582}
{"gth_class": 4}
{"s_mean": -0.7833508378235216}
{"s_class": 4}
{"seg_density": 134.22811420258228}
{"seg_mean": -0.7498472647696004}
{"seg_class": 4}
{"gth_density": 139.4787152661804}
{"gth_mean": -0.7400620403740582}
{"gth_class": 4}
{"s_density": 116.25061167423978}
{"s_mean": -0.7833508378235216}
{"s_class": 4}
