{"s_mean": -0.7522663165104151}
{"s_class": 4}
{"seg_mean": -0.6660260214782202}
{"seg_class": 3}
{"gth_mean": -0.686532232648901}
{"gth_class": 3}
{"s_mean": -0.7522663165104151}
{"s_class": 4}
{"seg_mean": -0.6660260214782202}
{"seg_class": 3}
{"gth_mean": -0.686532232648901}
{"gth_class": 3}
{"s_mean": -0.7522663165104151}
{"s_class": 4}
{"seg_density": 179.2053054643731}
{"seg_mean": -0.6660260214782202}
{"seg_class": 3}
{"gth_density": 168.20198762199476}
{"gth_mean": -0.686532232648901}
{"gth_class": 3}
{"s_density": 132.93008820646847}
{"s_mean": -0.7522663165104151}
{"s_class": 4}
