{"s_mean": -0.7093777629512169}
{"s_class": 4}
{"seg_mean": -0.6595495463159932}
{"seg_class": 3}
{"gth_mean": -0.6651876286211396}
{"gth_class": 3}
{"s_mean": -0.7093777629512169}
{"s_class": 4}
{"seg_mean": -0.6595495463159932}
{"seg_class": 3}
{"gth_mean": -0.6651876286211396}
{"gth_class": 3}
{"s_mean": -0.7093777629512169}
{"s_class": 4}
{"seg_density": 182.68048252731796}
{"seg_mean": -0.6595495463159932}
{"seg_class": 3}
{"gth_density": 179.65517418982674}
{"gth_mean": -0.6651876286211396}
{"gth_class": 3}
{"s_density": 155.9434270765206}
{"s_mean": -0.7093777629512169}
{"s_class": 4}
