{"s_mean": -0.6754149398035468}
{"s_class": 3}
{"seg_mean": -0.6176080369152067}
{"seg_class": 3}
{"gth_mean": -0.6564302942698971}
{"gth_class": 3}
{"s_mean": -0.6754149398035468}
{"s_class": 3}
{"seg_mean": -0.6176080369152067}
{"seg_class": 3}
{"gth_mean": -0.6564302942698971}
{"gth_class": 3}
{"s_mean": -0.6754149398035468}
{"s_class": 3}
{"seg_density": 205.18565205301695}
{"seg_mean": -0.6176080369152067}
{"seg_class": 3}
{"gth_density": 184.3542252488772}
{"gth_mean": -0.6564302942698971}
{"gth_class": 3}
{"s_density": 174.16735614892818}
{"s_mean": -0.6754149398035468}
{"s_class": 3}
