{"s_mean": -0.6104237821915011}
{"s_class": 3}
{"seg_mean": -0.597729466983777}
{"seg_class": 3}
{"gth_mean": -0.5697131793078178}
{"gth_class": 3}
{"s_mean": -0.6104237821915011}
{"s_class": 3}
{"seg_mean": -0.597729466983777}
{"seg_class": 3}
{"gth_mean": -0.5697131793078178}
{"gth_class": 3}
{"s_mean": -0.6104237821915011}
{"s_class": 3}
{"seg_density": 215.8521872499333}
{"seg_mean": -0.597729466983777}
{"seg_class": 3}
{"gth_density": 230.88529675496207}
{"gth_mean": -0.5697131793078178}
{"gth_class": 3}
{"s_density": 209.04061275382972}
{"s_mean": -0.6104237821915011}
{"s_class": 3}
