{"s_mean": -0.7763335824167414}
{"s_class": 4}
{"seg_mean": -0.7524258904876033}
{"seg_class": 4}
{"gth_mean": -0.7738870521775276}
{"gth_class": 4}
{"s_mean": -0.7763335824167414}
{"s_class": 4}
{"seg_mean": -0.7524258904876033}
{"seg_class": 4}
{"gth_mean": -0.7738870521775276}
{"gth_class": 4}
{"s_mean": -0.7763335824167414}
{"s_class": 4}
{"seg_density": 132.84446326211568}
{"seg_mean": -0.7524258904876033}
{"seg_class": 4}
{"gth_density": 121.32873364364076}
{"gth_mean": -0.7738870521775276}
{"gth_class": 4}
{"s_density": 120.01596310748492}
{"s_mean": -0.7763335824167414}
{"s_class": 4}
