{"s_mean": -0.7341422712665355}
{"s_class": 4}
{"seg_mean": -0.7142371425111281}
{"seg_class": 4}
{"gth_mean": -0.7090095845904488}
{"gth_class": 4}
{"s_mean": -0.7341422712665355}
{"s_class": 4}
{"seg_mean": -0.7142371425111281}
{"seg_class": 4}
{"gth_mean": -0.7090095845904488}
{"gth_class": 4}
{"s_mean": -0.7341422712665355}
{"s_class": 4}
{"seg_density": 153.33595866758753}
{"seg_mean": -0.7142371425111281}
{"seg_class": 4}
{"gth_density": 156.1409859279582}
{"gth_mean": -0.7090095845904488}
{"gth_class": 4}
{"s_density": 142.6551724137931}
{"s_mean": -0.7341422712665355}
{"s_class": 4}
