{"s_mean": -0.6406972977674132}
{"s_class": 3}
{"seg_mean": -0.6327216287297098}
{"seg_class": 3}
{"gth_mean": -0.6056151271290287}
{"gth_class": 3}
{"s_mean": -0.6406972977674132}
{"s_class": 3}
{"seg_mean": -0.6327216287297098}
{"seg_class": 3}
{"gth_mean": -0.6056151271290287}
{"gth_class": 3}
{"s_mean": -0.6406972977674132}
{"s_class": 3}
{"seg_density": 197.075930901178}
{"seg_mean": -0.6327216287297098}
{"seg_class": 3}
{"gth_density": 211.62086317680385}
{"gth_mean": -0.6056151271290287}
{"gth_class": 3}
{"s_density": 192.79630943931866}
{"s_mean": -0.6406972977674132}
{"s_class": 3}
