{"s_mean": -0.4782921989229831}
{"s_class": 2}
{"seg_mean": -0.4616821521837645}
{"seg_class": 2}
{"gth_mean": -0.4714871567411164}
{"gth_class": 2}
{"s_mean": -0.4782921989229831}
{"s_class": 2}
{"seg_mean": -0.4616821521837645}
{"seg_class": 2}
{"gth_mean": -0.4714871567411164}
{"gth_class": 2}
{"s_mean": -0.4782921989229831}
{"s_class": 2}
{"seg_density": 288.85308604526875}
{"seg_mean": -0.4616821521837645}
{"seg_class": 2}
{"gth_density": 283.59187125075977}
{"gth_mean": -0.4714871567411164}
{"gth_class": 2}
{"s_density": 279.9403901734104}
{"s_mean": -0.4782921989229831}
{"s_class": 2}
