{"s_mean": -0.7698461094560304}
{"s_class": 4}
{"seg_mean": -0.7579763590816639}
{"seg_class": 4}
{"gth_mean": -0.7742898809356878}
{"gth_class": 4}
{"s_mean": -0.7698461094560304}
{"s_class": 4}
{"seg_mean": -0.7579763590816639}
{"seg_class": 4}
{"gth_mean": -0.7742898809356878}
{"gth_class": 4}
{"s_mean": -0.7698461094560304}
{"s_class": 4}
{"seg_density": 129.86616709583467}
{"seg_mean": -0.7579763590816639}
{"seg_class": 4}
{"gth_density": 121.1125819213555}
{"gth_mean": -0.7742898809356878}
{"gth_class": 4}
{"s_density": 123.49704142011835}
{"s_mean": -0.7698461094560304}
{"s_class": 4}
