{"s_mean": -0.53746361410717}
{"s_class": 3}
{"seg_mean": -0.5332138787538789}
{"seg_class": 3}
{"gth_mean": -0.5346592249526969}
{"gth_class": 3}
{"s_mean": -0.53746361410717}
{"s_class": 3}
{"seg_mean": -0.5332138787538789}
{"seg_class": 3}
{"gth_mean": -0.5346592249526969}
{"gth_class": 3}
{"s_mean": -0.53746361410717}
{"s_class": 3}
{"seg_density": 250.47026063135587}
{"seg_mean": -0.5332138787538789}
{"seg_class": 3}
{"gth_density": 249.69471006838273}
{"gth_mean": -0.5346592249526969}
{"gth_class": 3}
{"s_density": 248.18991793669403}
{"s_mean": -0.53746361410717}
{"s_class": 3}
