{"s_mean": -0.7247502349939304}
{"s_class": 4}
{"seg_mean": -0.7041613910082793}
{"seg_class": 4}
{"gth_mean": -0.7293774388179852}
{"gth_class": 4}
{"s_mean": -0.7247502349939304}
{"s_class": 4}
{"seg_mean": -0.7041613910082793}
{"seg_class": 4}
{"gth_mean": -0.7293774388179852}
{"gth_class": 4}
{"s_mean": -0.7247502349939304}
{"s_class": 4}
{"seg_density": 158.7424521131043}
{"seg_mean": -0.7041613910082793}
{"seg_class": 4}
{"gth_density": 145.21190829545804}
{"gth_mean": -0.7293774388179852}
{"gth_class": 4}
{"s_density": 147.69479477184132}
{"s_mean": -0.7247502349939304}
{"s_class": 4}
