{"s_mean": -0.6969334654338045}
{"s_class": 3}
{"seg_mean": -0.6731326596050139}
{"seg_class": 3}
{"gth_mean": -0.7104570449164175}
{"gth_class": 4}
{"s_mean": -0.6969334654338045}
{"s_class": 3}
{"seg_mean": -0.6731326596050139}
{"seg_class": 3}
{"gth_mean": -0.7104570449164175}
{"gth_class": 4}
{"s_mean": -0.6969334654338045}
{"s_class": 3}
{"seg_density": 175.3919926369075}
{"seg_mean": -0.6731326596050139}
{"seg_class": 3}
{"gth_density": 155.364300956839}
{"gth_mean": -0.7104570449164175}
{"gth_class": 4}
{"s_density": 162.62084592145015}
{"s_mean": -0.6969334654338045}
{"s_class": 3}
