{"s_mean": -0.6262041325934686}
{"s_class": 3}
{"seg_mean": -0.5756908547527085}
{"seg_class": 3}
{"gth_mean": -0.5899077792148282}
{"gth_class": 3}
{"s_mean": -0.6262041325934686}
{"s_class": 3}
{"seg_mean": -0.5756908547527085}
{"seg_class": 3}
{"gth_mean": -0.5899077792148282}
{"gth_class": 3}
{"s_mean": -0.6262041325934686}
{"s_class": 3}
{"seg_density": 227.67776795643124}
{"seg_mean": -0.5756908547527085}
{"seg_class": 3}
{"gth_density": 220.04918472885524}
{"gth_mean": -0.5899077792148282}
{"gth_class": 3}
{"s_density": 200.5731191885038}
{"s_mean": -0.6262041325934686}
{"s_class": 3}
