{"s_mean": -0.7941328232909077}
{"s_class": 4}
{"seg_mean": -0.7439055090142165}
{"seg_class": 4}
{"gth_mean": -0.7967746809361599}
{"gth_class": 4}
{"s_mean": -0.7941328232909077}
{"s_class": 4}
{"seg_mean": -0.7439055090142165}
{"seg_class": 4}
{"gth_mean": -0.7967746809361599}
{"gth_class": 4}
{"s_mean": -0.7941328232909077}
{"s_class": 4}
{"seg_density": 137.41636904761904}
{"seg_mean": -0.7439055090142165}
{"seg_class": 4}
{"gth_density": 109.04758371333747}
{"gth_mean": -0.7967746809361599}
{"gth_class": 4}
{"s_density": 110.46516393442623}
{"s_mean": -0.7941328232909077}
{"s_class": 4}
