{"s_mean": -0.48879205618550636}
{"s_class": 2}
{"seg_mean": -0.4815764362259503}
{"seg_class": 2}
{"gth_mean": -0.4646098227740929}
{"gth_class": 2}
{"s_mean": -0.48879205618550636}
{"s_class": 2}
{"seg_mean": -0.4815764362259503}
{"seg_class": 2}
{"gth_mean": -0.4646098227740929}
{"gth_class": 2}
{"s_mean": -0.48879205618550636}
{"s_class": 2}
{"seg_density": 278.17811889796326}
{"seg_mean": -0.4815764362259503}
{"seg_class": 2}
{"gth_density": 287.2821429892826}
{"gth_mean": -0.4646098227740929}
{"gth_class": 2}
{"s_density": 274.3063280935107}
{"s_mean": -0.48879205618550636}
{"s_class": 2}
