{"s_mean": -0.6575482945068064}
{"s_class": 3}
{"seg_mean": -0.5716809386111812}
{"seg_class": 3}
{"gth_mean": -0.5678362959815083}
{"gth_class": 3}
{"s_mean": -0.6575482945068064}
{"s_class": 3}
{"seg_mean": -0.5716809386111812}
{"seg_class": 3}
{"gth_mean": -0.5678362959815083}
{"gth_class": 3}
{"s_mean": -0.6575482945068064}
{"s_class": 3}
{"seg_density": 229.82942734681114}
{"seg_mean": -0.5716809386111812}
{"seg_class": 3}
{"gth_density": 231.89240351010807}
{"gth_mean": -0.5678362959815083}
{"gth_class": 3}
{"s_density": 183.75432349949136}
{"s_mean": -0.6575482945068064}
{"s_class": 3}
