{"s_mean": -0.4755925561570991}
{"s_class": 2}
{"seg_mean": -0.48829081428589277}
{"seg_class": 2}
{"gth_mean": -0.5322145448657741}
{"gth_class": 3}
{"s_mean": -0.4755925561570991}
{"s_class": 2}
{"seg_mean": -0.48829081428589277}
{"seg_class": 2}
{"gth_mean": -0.5322145448657741}
{"gth_class": 3}
{"s_mean": -0.4755925561570991}
{"s_class": 2}
{"seg_density": 274.5752867954113}
{"seg_mean": -0.48829081428589277}
{"seg_class": 2}
{"gth_density": 251.00648784124618}
{"gth_mean": -0.5322145448657741}
{"gth_class": 3}
{"s_density": 281.3889770023791}
{"s_mean": -0.4755925561570991}
{"s_class": 2}
