{"s_mean": -0.6710190817892886}
{"s_class": 3}
{"seg_mean": -0.631235497183536}
{"seg_class": 3}
{"gth_mean": -0.6387382721724182}
{"gth_class": 3}
{"s_mean": -0.6710190817892886}
{"s_class": 3}
{"seg_mean": -0.631235497183536}
{"seg_class": 3}
{"gth_mean": -0.6387382721724182}
{"gth_class": 3}
{"s_mean": -0.6710190817892886}
{"s_class": 3}
{"seg_density": 197.8733662548876}
{"seg_mean": -0.631235497183536}
{"seg_class": 3}
{"gth_density": 193.8474924737499}
{"gth_mean": -0.6387382721724182}
{"gth_class": 3}
{"s_density": 176.526106018334}
{"s_mean": -0.6710190817892886}
{"s_class": 3}
