{"s_mean": -0.5007728595774172}
{"s_class": 3}
{"seg_mean": -0.4090118486311444}
{"seg_class": 2}
{"gth_mean": -0.4759780185605583}
{"gth_class": 2}
{"s_mean": -0.5007728595774172}
{"s_class": 3}
{"seg_mean": -0.4090118486311444}
{"seg_class": 2}
{"gth_mean": -0.4759780185605583}
{"gth_class": 2}
{"s_mean": -0.5007728595774172}
{"s_class": 3}
{"seg_density": 317.1151616681245}
{"seg_mean": -0.4090118486311444}
{"seg_class": 2}
{"gth_density": 281.18214379919755}
{"gth_mean": -0.4759780185605583}
{"gth_class": 2}
{"s_density": 267.8776130748765}
{"s_mean": -0.5007728595774172}
{"s_class": 3}
