{"s_mean": -0.5739585715082548}
{"s_class": 3}
{"seg_mean": -0.5345822509501066}
{"seg_class": 3}
{"gth_mean": -0.5593708101114823}
{"gth_class": 3}
{"s_mean": -0.5739585715082548}
{"s_class": 3}
{"seg_mean": -0.5345822509501066}
{"seg_class": 3}
{"gth_mean": -0.5593708101114823}
{"gth_class": 3}
{"s_mean": -0.5739585715082548}
{"s_class": 3}
{"seg_density": 249.73601313549014}
{"seg_mean": -0.5345822509501066}
{"seg_class": 3}
{"gth_density": 236.4348531583025}
{"gth_mean": -0.5593708101114823}
{"gth_class": 3}
{"s_density": 228.60728452939054}
{"s_mean": -0.5739585715082548}
{"s_class": 3}
