{"s_mean": -0.741506561352825}
{"s_class": 4}
{"seg_mean": -0.691008602092967}
{"seg_class": 3}
{"gth_mean": -0.7001080719373397}
{"gth_class": 4}
{"s_mean": -0.741506561352825}
{"s_class": 4}
{"seg_mean": -0.691008602092967}
{"seg_class": 3}
{"gth_mean": -0.7001080719373397}
{"gth_class": 4}
{"s_mean": -0.741506561352825}
{"s_class": 4}
{"seg_density": 165.80003655638822}
{"seg_mean": -0.691008602092967}
{"seg_class": 3}
{"gth_density": 160.91740084853376}
{"gth_mean": -0.7001080719373397}
{"gth_class": 4}
{"s_density": 138.70360750360751}
{"s_mean": -0.741506561352825}
{"s_class": 4}
