{"s_mean": -0.9045444389201065}
{"s_class": 5}
{"seg_mean": -0.8697306028353917}
{"seg_class": 4}
{"gth_mean": -0.8834979447465826}
{"gth_class": 4}
{"s_mean": -0.9045444389201065}
{"s_class": 5}
{"seg_mean": -0.8697306028353917}
{"seg_class": 4}
{"gth_mean": -0.8834979447465826}
{"gth_class": 4}
{"s_mean": -0.9045444389201065}
{"s_class": 5}
{"seg_density": 69.90055696815595}
{"seg_mean": -0.8697306028353917}
{"seg_class": 4}
{"gth_density": 62.51321282970677}
{"gth_mean": -0.8834979447465826}
{"gth_class": 4}
{"s_density": 51.21998742928975}
{"s_mean": -0.9045444389201065}
{"s_class": 5}
