{"s_mean": -0.8486294036325349}
{"s_class": 4}
{"seg_mean": -0.7983631167066383}
{"seg_class": 4}
{"gth_mean": -0.8199976816247712}
{"gth_class": 4}
{"s_mean": -0.8486294036325349}
{"s_class": 4}
{"seg_mean": -0.7983631167066383}
{"seg_class": 4}
{"gth_mean": -0.8199976816247712}
{"gth_class": 4}
{"s_mean": -0.8486294036325349}
{"s_class": 4}
{"seg_density": 108.19525348473984}
{"seg_mean": -0.7983631167066383}
{"seg_class": 4}
{"gth_density": 96.58647835829697}
{"gth_mean": -0.8199976816247712}
{"gth_class": 4}
{"s_density": 81.22313624678664}
{"s_mean": -0.8486294036325349}
{"s_class": 4}
