{"s_mean": -0.5847768011771544}
{"s_class": 3}
{"seg_mean": -0.5778726614106325}
{"seg_class": 3}
{"gth_mean": -0.572824018189803}
{"gth_class": 3}
{"s_mean": -0.5847768011771544}
{"s_class": 3}
{"seg_mean": -0.5778726614106325}
{"seg_class": 3}
{"gth_mean": -0.572824018189803}
{"gth_class": 3}
{"s_mean": -0.5847768011771544}
{"s_class": 3}
{"seg_density": 226.5070440265968}
{"seg_mean": -0.5778726614106325}
{"seg_class": 3}
{"gth_density": 229.21606840799893}
{"gth_mean": -0.572824018189803}
{"gth_class": 3}
{"s_density": 222.80238870792616}
{"s_mean": -0.5847768011771544}
{"s_class": 3}
