{"s_mean": -0.6547905669213125}
{"s_class": 3}
{"seg_mean": -0.5826711604204776}
{"seg_class": 3}
{"gth_mean": -0.5728345734649983}
{"gth_class": 3}
{"s_mean": -0.6547905669213125}
{"s_class": 3}
{"seg_mean": -0.5826711604204776}
{"seg_class": 3}
{"gth_mean": -0.5728345734649983}
{"gth_class": 3}
{"s_mean": -0.6547905669213125}
{"s_class": 3}
{"seg_density": 223.93224318541778}
{"seg_mean": -0.5826711604204776}
{"seg_class": 3}
{"gth_density": 229.21040460950775}
{"gth_mean": -0.5728345734649983}
{"gth_class": 3}
{"s_density": 185.23407775020678}
{"s_mean": -0.6547905669213125}
{"s_class": 3}
