{"s_mean": -0.5047711486361306}
{"s_class": 3}
{"seg_mean": -0.45218965025816565}
{"seg_class": 2}
{"gth_mean": -0.45612031169530204}
{"gth_class": 2}
{"s_mean": -0.5047711486361306}
{"s_class": 3}
{"seg_mean": -0.45218965025816565}
{"seg_class": 2}
{"gth_mean": -0.45612031169530204}
{"gth_class": 2}
{"s_mean": -0.5047711486361306}
{"s_class": 3}
{"seg_density": 293.94661672908865}
{"seg_mean": -0.45218965025816565}
{"seg_class": 2}
{"gth_density": 291.83748419536005}
{"gth_mean": -0.45612031169530204}
{"gth_class": 2}
{"s_density": 265.73219259848787}
{"s_mean": -0.5047711486361306}
{"s_class": 3}
