{"s_mean": -0.7724630897975321}
{"s_class": 4}
{"seg_mean": -0.7487490917098185}
{"seg_class": 4}
{"gth_mean": -0.7361566701599983}
{"gth_class": 4}
{"s_mean": -0.7724630897975321}
{"s_class": 4}
{"seg_mean": -0.7487490917098185}
{"seg_class": 4}
{"gth_mean": -0.7361566701599983}
{"gth_class": 4}
{"s_mean": -0.7724630897975321}
{"s_class": 4}
{"seg_density": 134.8173769933602}
{"seg_mean": -0.7487490917098185}
{"seg_class": 4}
{"gth_density": 141.57427691819828}
{"gth_mean": -0.7361566701599983}
{"gth_class": 4}
{"s_density": 122.09280997798973}
{"s_mean": -0.7724630897975321}
{"s_class": 4}
