{"s_mean": -0.7928274681738627}
{"s_class": 4}
{"seg_mean": -0.7816724050829903}
{"seg_class": 4}
{"gth_mean": -0.7766248014410171}
{"gth_class": 4}
{"s_mean": -0.7928274681738627}
{"s_class": 4}
{"seg_mean": -0.7816724050829903}
{"seg_class": 4}
{"gth_mean": -0.7766248014410171}
{"gth_class": 4}
{"s_mean": -0.7928274681738627}
{"s_class": 4}
{"seg_density": 117.1512328941912}
{"seg_mean": -0.7816724050829903}
{"seg_class": 4}
{"gth_density": 119.85969945355191}
{"gth_mean": -0.7766248014410171}
{"gth_class": 4}
{"s_density": 111.16559743384121}
{"s_mean": -0.7928274681738627}
{"s_class": 4}
