{"s_mean": -0.7236260647608419}
{"s_class": 4}
{"seg_mean": -0.694961178426876}
{"seg_class": 3}
{"gth_mean": -0.6796838920897842}
{"gth_class": 3}
{"s_mean": -0.7236260647608419}
{"s_class": 4}
{"seg_mean": -0.694961178426876}
{"seg_class": 3}
{"gth_mean": -0.6796838920897842}
{"gth_class": 3}
{"s_mean": -0.7236260647608419}
{"s_class": 4}
{"seg_density": 163.6791448257673}
{"seg_mean": -0.694961178426876}
{"seg_class": 3}
{"gth_density": 171.87670194330983}
{"gth_mean": -0.6796838920897842}
{"gth_class": 3}
{"s_density": 148.2980072463768}
{"s_mean": -0.7236260647608419}
{"s_class": 4}
