{"s_mean": -0.6304308207758494}
{"s_class": 3}
{"seg_mean": -0.5713148791356482}
{"seg_class": 3}
{"gth_mean": -0.5722653628878082}
{"gth_class": 3}
{"s_mean": -0.6304308207758494}
{"s_class": 3}
{"seg_mean": -0.5713148791356482}
{"seg_class": 3}
{"gth_mean": -0.5722653628878082}
{"gth_class": 3}
{"s_mean": -0.6304308207758494}
{"s_class": 3}
{"seg_density": 230.02584923698765}
{"seg_mean": -0.5713148791356482}
{"seg_class": 3}
{"gth_density": 229.51583425947754}
{"gth_mean": -0.5722653628878082}
{"gth_class": 3}
{"s_density": 198.30514325163963}
{"s_mean": -0.6304308207758494}
{"s_class": 3}
