{"s_mean": -0.6459511399958859}
{"s_class": 3}
{"seg_mean": -0.6261767144237144}
{"seg_class": 3}
{"gth_mean": -0.6416824543428516}
{"gth_class": 3}
{"s_mean": -0.6459511399958859}
{"s_class": 3}
{"seg_mean": -0.6261767144237144}
{"seg_class": 3}
{"gth_mean": -0.6416824543428516}
{"gth_class": 3}
{"s_mean": -0.6459511399958859}
{"s_class": 3}
{"seg_density": 200.587831357122}
{"seg_mean": -0.6261767144237144}
{"seg_class": 3}
{"gth_density": 192.26768955757487}
{"gth_mean": -0.6416824543428516}
{"gth_class": 3}
{"s_density": 189.97717842323652}
{"s_mean": -0.6459511399958859}
{"s_class": 3}
