{"s_mean": -0.7588204616750558}
{"s_class": 4}
{"seg_mean": -0.7419227964196431}
{"seg_class": 4}
{"gth_mean": -0.7367573358259704}
{"gth_class": 4}
{"s_mean": -0.7588204616750558}
{"s_class": 4}
{"seg_mean": -0.7419227964196431}
{"seg_class": 4}
{"gth_mean": -0.7367573358259704}
{"gth_class": 4}
{"s_mean": -0.7588204616750558}
{"s_class": 4}
{"seg_density": 138.48026216208035}
{"seg_mean": -0.7419227964196431}
{"seg_class": 4}
{"gth_density": 141.2519689508862}
{"gth_mean": -0.7367573358259704}
{"gth_class": 4}
{"s_density": 129.4132346136048}
{"s_mean": -0.7588204616750558}
{"s_class": 4}
