{"s_mean": -0.7064449047060027}
{"s_class": 4}
{"seg_mean": -0.6940717909181036}
{"seg_class": 3}
{"gth_mean": -0.6970185966540847}
{"gth_class": 3}
{"s_mean": -0.7064449047060027}
{"s_class": 4}
{"seg_mean": -0.6940717909181036}
{"seg_class": 3}
{"gth_mean": -0.6970185966540847}
{"gth_class": 3}
{"s_mean": -0.7064449047060027}
{"s_class": 4}
{"seg_density": 164.1563764978012}
{"seg_mean": -0.6940717909181036}
{"seg_class": 3}
{"gth_density": 162.57516581666357}
{"gth_mean": -0.6970185966540847}
{"gth_class": 3}
{"s_density": 157.5171537484117}
{"s_mean": -0.7064449047060027}
{"s_class": 4}
