{"s_mean": -0.4439481484962038}
{"s_class": 2}
{"seg_mean": -0.4302066945651059}
{"seg_class": 2}
{"gth_mean": -0.4264603641169998}
{"gth_class": 2}
{"s_mean": -0.4439481484962038}
{"s_class": 2}
{"seg_mean": -0.4302066945651059}
{"seg_class": 2}
{"gth_mean": -0.4264603641169998}
{"gth_class": 2}
{"s_mean": -0.4439481484962038}
{"s_class": 2}
{"seg_density": 305.7423329924371}
{"seg_mean": -0.4302066945651059}
{"seg_class": 2}
{"gth_density": 307.75255634964265}
{"gth_mean": -0.4264603641169998}
{"gth_class": 2}
{"s_density": 298.36887994634475}
{"s_mean": -0.4439481484962038}
{"s_class": 2}
