{"s_mean": -0.7539686764914337}
{"s_class": 4}
{"seg_mean": -0.71459895920134}
{"seg_class": 4}
{"gth_mean": -0.6915666101999347}
{"gth_class": 3}
{"s_mean": -0.7539686764914337}
{"s_class": 4}
{"seg_mean": -0.71459895920134}
{"seg_class": 4}
{"gth_mean": -0.6915666101999347}
{"gth_class": 3}
{"s_mean": -0.7539686764914337}
{"s_class": 4}
{"seg_density": 153.14181339082523}
{"seg_mean": -0.71459895920134}
{"seg_class": 4}
{"gth_density": 165.50061797981718}
{"gth_mean": -0.6915666101999347}
{"gth_class": 3}
{"s_density": 132.0166279969064}
{"s_mean": -0.7539686764914337}
{"s_class": 4}
