{"s_mean": -0.7269206940976468}
{"s_class": 4}
{"seg_mean": -0.7079394996453392}
{"seg_class": 4}
{"gth_mean": -0.7139027691338887}
{"gth_class": 4}
{"s_mean": -0.7269206940976468}
{"s_class": 4}
{"seg_mean": -0.7079394996453392}
{"seg_class": 4}
{"gth_mean": -0.7139027691338887}
{"gth_class": 4}
{"s_mean": -0.7269206940976468}
{"s_class": 4}
{"seg_density": 156.7151770679685}
{"seg_mean": -0.7079394996453392}
{"seg_class": 4}
{"gth_density": 153.51537828426717}
{"gth_mean": -0.7139027691338887}
{"gth_class": 4}
{"s_density": 146.5301597652429}
{"s_mean": -0.7269206940976468}
{"s_class": 4}
