{"s_mean": -0.549939213241624}
{"s_class": 3}
{"seg_mean": -0.5314605698388054}
{"seg_class": 3}
{"gth_mean": -0.5195994576203319}
{"gth_class": 3}
{"s_mean": -0.549939213241624}
{"s_class": 3}
{"seg_mean": -0.5314605698388054}
{"seg_class": 3}
{"gth_mean": -0.5195994576203319}
{"gth_class": 3}
{"s_mean": -0.549939213241624}
{"s_class": 3}
{"seg_density": 251.41105925611654}
{"seg_mean": -0.5314605698388054}
{"seg_class": 3}
{"gth_density": 257.77554983010344}
{"gth_mean": -0.5195994576203319}
{"gth_class": 3}
{"s_density": 241.495703125}
{"s_mean": -0.549939213241624}
{"s_class": 3}
