{"s_mean": -0.8522913635273306}
{"s_class": 4}
{"seg_mean": -0.8096323257339212}
{"seg_class": 4}
{"gth_mean": -0.7789452618989415}
{"gth_class": 4}
{"s_mean": -0.8522913635273306}
{"s_class": 4}
{"seg_mean": -0.8096323257339212}
{"seg_class": 4}
{"gth_mean": -0.7789452618989415}
{"gth_class": 4}
{"s_mean": -0.8522913635273306}
{"s_class": 4}
{"seg_density": 102.14836906873019}
{"seg_mean": -0.8096323257339212}
{"seg_class": 4}
{"gth_density": 118.61457602501139}
{"gth_mean": -0.7789452618989415}
{"gth_class": 4}
{"s_density": 79.25818483215913}
{"s_mean": -0.8522913635273306}
{"s_class": 4}
