{"s_mean": -0.7652908180794077}
{"s_class": 4}
{"seg_mean": -0.7207547021129032}
{"seg_class": 4}
{"gth_mean": -0.7397524256465094}
{"gth_class": 4}
{"s_mean": -0.7652908180794077}
{"s_class": 4}
{"seg_mean": -0.7207547021129032}
{"seg_class": 4}
{"gth_mean": -0.7397524256465094}
{"gth_class": 4}
{"s_mean": -0.7652908180794077}
{"s_class": 4}
{"seg_density": 149.83873632563146}
{"seg_mean": -0.7207547021129032}
{"seg_class": 4}
{"gth_density": 139.64484977184534}
{"gth_mean": -0.7397524256465094}
{"gth_class": 4}
{"s_density": 125.94134078212291}
{"s_mean": -0.7652908180794077}
{"s_class": 4}
