{"s_mean": -0.5789837513181133}
{"s_class": 3}
{"seg_mean": -0.5076917852850698}
{"seg_class": 3}
{"gth_mean": -0.5335924779124613}
{"gth_class": 3}
{"s_mean": -0.5789837513181133}
{"s_class": 3}
{"seg_mean": -0.5076917852850698}
{"seg_class": 3}
{"gth_mean": -0.5335924779124613}
{"gth_class": 3}
{"s_mean": -0.5789837513181133}
{"s_class": 3}
{"seg_density": 264.1650238473768}
{"seg_mean": -0.5076917852850698}
{"seg_class": 3}
{"gth_density": 250.26711013992346}
{"gth_mean": -0.5335924779124613}
{"gth_class": 3}
{"s_density": 225.9108502538071}
{"s_mean": -0.5789837513181133}
{"s_class": 3}
