{"s_mean": -0.49196159748084173}
{"s_class": 2}
{"seg_mean": -0.48127402338055614}
{"seg_class": 2}
{"gth_mean": -0.4689139134268462}
{"gth_class": 2}
{"s_mean": -0.49196159748084173}
{"s_class": 2}
{"seg_mean": -0.48127402338055614}
{"seg_class": 2}
{"gth_mean": -0.4689139134268462}
{"gth_class": 2}
{"s_mean": -0.49196159748084173}
{"s_class": 2}
{"seg_density": 278.34038898431874}
{"seg_mean": -0.48127402338055614}
{"seg_class": 2}
{"gth_density": 284.97263407608233}
{"gth_mean": -0.4689139134268462}
{"gth_class": 2}
{"s_density": 272.6056009334889}
{"s_mean": -0.49196159748084173}
{"s_class": 2}
