{"s_mean": -0.7196911691648218}
{"s_class": 4}
{"seg_mean": -0.6839403190296768}
{"seg_class": 3}
{"gth_mean": -0.6870354444443301}
{"gth_class": 3}
{"s_mean": -0.7196911691648218}
{"s_class": 4}
{"seg_mean": -0.6839403190296768}
{"seg_class": 3}
{"gth_mean": -0.6870354444443301}
{"gth_class": 3}
{"s_mean": -0.7196911691648218}
{"s_class": 4}
{"seg_density": 169.59276864609194}
{"seg_mean": -0.6839403190296768}
{"seg_class": 3}
{"gth_density": 167.9319719042664}
{"gth_mean": -0.6870354444443301}
{"gth_class": 3}
{"s_density": 150.40941176470588}
{"s_mean": -0.7196911691648218}
{"s_class": 4}
