{"s_mean": -0.7065622103750218}
{"s_class": 4}
{"seg_mean": -0.6655409471535584}
{"seg_class": 3}
{"gth_mean": -0.6519365842547529}
{"gth_class": 3}
{"s_mean": -0.7065622103750218}
{"s_class": 4}
{"seg_mean": -0.6655409471535584}
{"seg_class": 3}
{"gth_mean": -0.6519365842547529}
{"gth_class": 3}
{"s_mean": -0.7065622103750218}
{"s_class": 4}
{"seg_density": 179.46558889396454}
{"seg_mean": -0.6655409471535584}
{"seg_class": 3}
{"gth_density": 186.76548099849157}
{"gth_mean": -0.6519365842547529}
{"gth_class": 3}
{"s_density": 157.4542093287827}
{"s_mean": -0.7065622103750218}
{"s_class": 4}
