{"s_mean": -0.7416297266254002}
{"s_class": 4}
{"seg_mean": -0.7191321777832775}
{"seg_class": 4}
{"gth_mean": -0.711980982659612}
{"gth_class": 4}
{"s_mean": -0.7416297266254002}
{"s_class": 4}
{"seg_mean": -0.7191321777832775}
{"seg_class": 4}
{"gth_mean": -0.711980982659612}
{"gth_class": 4}
{"s_mean": -0.7416297266254002}
{"s_class": 4}
{"seg_density": 150.70935795130688}
{"seg_mean": -0.7191321777832775}
{"seg_class": 4}
{"gth_density": 154.546579378689}
{"gth_mean": -0.711980982659612}
{"gth_class": 4}
{"s_density": 138.6375189107413}
{"s_mean": -0.7416297266254002}
{"s_class": 4}
