{"s_mean": -0.6802957340530976}
{"s_class": 3}
{"seg_mean": -0.6479772737429907}
{"seg_class": 3}
{"gth_mean": -0.6481194796140312}
{"gth_class": 3}
{"s_mean": -0.6802957340530976}
{"s_class": 3}
{"seg_mean": -0.6479772737429907}
{"seg_class": 3}
{"gth_mean": -0.6481194796140312}
{"gth_class": 3}
{"s_mean": -0.6802957340530976}
{"s_class": 3}
{"seg_density": 188.8899861854799}
{"seg_mean": -0.6479772737429907}
{"seg_class": 3}
{"gth_density": 188.81368070003032}
{"gth_mean": -0.6481194796140312}
{"gth_class": 3}
{"s_density": 171.54839694656488}
{"s_mean": -0.6802957340530976}
{"s_class": 3}
