{"s_mean": -0.7414386187752229}
{"s_class": 4}
{"seg_mean": -0.7130343637947066}
{"seg_class": 4}
{"gth_mean": -0.7185843757697215}
{"gth_class": 4}
{"s_mean": -0.7414386187752229}
{"s_class": 4}
{"seg_mean": -0.7130343637947066}
{"seg_class": 4}
{"gth_mean": -0.7185843757697215}
{"gth_class": 4}
{"s_mean": -0.7414386187752229}
{"s_class": 4}
{"seg_density": 153.98135124648365}
{"seg_mean": -0.7130343637947066}
{"seg_class": 4}
{"gth_density": 151.00330009496676}
{"gth_mean": -0.7185843757697215}
{"gth_class": 4}
{"s_density": 138.74006444683135}
{"s_mean": -0.7414386187752229}
{"s_class": 4}
