{"s_mean": -0.747114036311229}
{"s_class": 4}
{"seg_mean": -0.741905139092992}
{"seg_class": 4}
{"gth_mean": -0.7731956296138159}
{"gth_class": 4}
{"s_mean": -0.747114036311229}
{"s_class": 4}
{"seg_mean": -0.741905139092992}
{"seg_class": 4}
{"gth_mean": -0.7731956296138159}
{"gth_class": 4}
{"s_mean": -0.747114036311229}
{"s_class": 4}
{"seg_density": 138.48973681226175}
{"seg_mean": -0.741905139092992}
{"seg_class": 4}
{"gth_density": 121.69974036782732}
{"gth_mean": -0.7731956296138159}
{"gth_class": 4}
{"s_density": 135.69472259810556}
{"s_mean": -0.747114036311229}
{"s_class": 4}
