{"s_mean": -0.4464207862892021}
{"s_class": 2}
{"seg_mean": -0.44059940758843247}
{"seg_class": 2}
{"gth_mean": -0.4457166462840824}
{"gth_class": 2}
{"s_mean": -0.4464207862892021}
{"s_class": 2}
{"seg_mean": -0.44059940758843247}
{"seg_class": 2}
{"gth_mean": -0.4457166462840824}
{"gth_class": 2}
{"s_mean": -0.4464207862892021}
{"s_class": 2}
{"seg_density": 300.16576286505114}
{"seg_mean": -0.44059940758843247}
{"seg_class": 2}
{"gth_density": 297.4199312058093}
{"gth_mean": -0.4457166462840824}
{"gth_class": 2}
{"s_density": 297.0421004979629}
{"s_mean": -0.4464207862892021}
{"s_class": 2}
