{"s_mean": -0.6362071707018685}
{"s_class": 3}
{"seg_mean": -0.5721184360755982}
{"seg_class": 3}
{"gth_mean": -0.5446735923760123}
{"gth_class": 3}
{"s_mean": -0.6362071707018685}
{"s_class": 3}
{"seg_mean": -0.5721184360755982}
{"seg_class": 3}
{"gth_mean": -0.5446735923760123}
{"gth_class": 3}
{"s_mean": -0.6362071707018685}
{"s_class": 3}
{"seg_density": 229.59467292942284}
{"seg_mean": -0.5721184360755982}
{"seg_class": 3}
{"gth_density": 244.3211543767956}
{"gth_mean": -0.5446735923760123}
{"gth_class": 3}
{"s_density": 195.20564263322885}
{"s_mean": -0.6362071707018685}
{"s_class": 3}
