{"s_mean": -0.670936116826835}
{"s_class": 3}
{"seg_mean": -0.6051107862228384}
{"seg_class": 3}
{"gth_mean": -0.6159723718875499}
{"gth_class": 3}
{"s_mean": -0.670936116826835}
{"s_class": 3}
{"seg_mean": -0.6051107862228384}
{"seg_class": 3}
{"gth_mean": -0.6159723718875499}
{"gth_class": 3}
{"s_mean": -0.670936116826835}
{"s_class": 3}
{"seg_density": 211.89148475801812}
{"seg_mean": -0.6051107862228384}
{"seg_class": 3}
{"gth_density": 206.063324775353}
{"gth_mean": -0.6159723718875499}
{"gth_class": 3}
{"s_density": 176.57062374245473}
{"s_mean": -0.670936116826835}
{"s_class": 3}
