{"s_mean": -0.7854198840879077}
{"s_class": 4}
{"seg_mean": -0.7554388127852976}
{"seg_class": 4}
{"gth_mean": -0.7697953662225873}
{"gth_class": 4}
{"s_mean": -0.7854198840879077}
{"s_class": 4}
{"seg_mean": -0.7554388127852976}
{"seg_class": 4}
{"gth_mean": -0.7697953662225873}
{"gth_class": 4}
{"s_mean": -0.7854198840879077}
{"s_class": 4}
{"seg_density": 131.22777544982412}
{"seg_mean": -0.7554388127852976}
{"seg_class": 4}
{"gth_density": 123.52426945952935}
{"gth_mean": -0.7697953662225873}
{"gth_class": 4}
{"s_density": 115.14039323904795}
{"s_mean": -0.7854198840879077}
{"s_class": 4}
