{"s_mean": -0.7331426806567615}
{"s_class": 4}
{"seg_mean": -0.6782209268981111}
{"seg_class": 3}
{"gth_mean": -0.6868466948064667}
{"gth_class": 3}
{"s_mean": -0.7331426806567615}
{"s_class": 4}
{"seg_mean": -0.6782209268981111}
{"seg_class": 3}
{"gth_mean": -0.6868466948064667}
{"gth_class": 3}
{"s_mean": -0.7331426806567615}
{"s_class": 4}
{"seg_density": 172.66170658713855}
{"seg_mean": -0.6782209268981111}
{"seg_class": 3}
{"gth_density": 168.03325205986212}
{"gth_mean": -0.6868466948064667}
{"gth_class": 3}
{"s_density": 143.19153737658675}
{"s_mean": -0.7331426806567615}
{"s_class": 4}
