{"s_mean": -0.6437721190337645}
{"s_class": 3}
{"seg_mean": -0.5806621083531186}
{"seg_class": 3}
{"gth_mean": -0.5890857379721637}
{"gth_class": 3}
{"s_mean": -0.6437721190337645}
{"s_class": 3}
{"seg_mean": -0.5806621083531186}
{"seg_class": 3}
{"gth_mean": -0.5890857379721637}
{"gth_class": 3}
{"s_mean": -0.6437721190337645}
{"s_class": 3}
{"seg_density": 225.01026965627773}
{"seg_mean": -0.5806621083531186}
{"seg_class": 3}
{"gth_density": 220.4902794292509}
{"gth_mean": -0.5890857379721637}
{"gth_class": 3}
{"s_density": 191.14640759150475}
{"s_mean": -0.6437721190337645}
{"s_class": 3}
