{"s_mean": -0.4098860384241789}
{"s_class": 2}
{"seg_mean": -0.45528717027349913}
{"seg_class": 2}
{"gth_mean": -0.4903482309141356}
{"gth_class": 2}
{"s_mean": -0.4098860384241789}
{"s_class": 2}
{"seg_mean": -0.45528717027349913}
{"seg_class": 2}
{"gth_mean": -0.4903482309141356}
{"gth_class": 2}
{"s_mean": -0.4098860384241789}
{"s_class": 2}
{"seg_density": 292.28453508133043}
{"seg_mean": -0.45528717027349913}
{"seg_class": 2}
{"gth_density": 273.47130864428806}
{"gth_mean": -0.4903482309141356}
{"gth_class": 2}
{"s_density": 316.6460848568472}
{"s_mean": -0.4098860384241789}
{"s_class": 2}
