{"s_mean": -0.8218894603685051}
{"s_class": 4}
{"seg_mean": -0.785843938926754}
{"seg_class": 4}
{"gth_mean": -0.7847591264376951}
{"gth_class": 4}
{"s_mean": -0.8218894603685051}
{"s_class": 4}
{"seg_mean": -0.785843938926754}
{"seg_class": 4}
{"gth_mean": -0.7847591264376951}
{"gth_class": 4}
{"s_mean": -0.8218894603685051}
{"s_class": 4}
{"seg_density": 114.91285192799899}
{"seg_mean": -0.785843938926754}
{"seg_class": 4}
{"gth_density": 115.49494564180813}
{"gth_mean": -0.7847591264376951}
{"gth_class": 4}
{"s_density": 95.57137895102466}
{"s_mean": -0.8218894603685051}
{"s_class": 4}
