{"s_mean": -0.6737659728568804}
{"s_class": 3}
{"seg_mean": -0.6257638913381877}
{"seg_class": 3}
{"gth_mean": -0.6354424160157597}
{"gth_class": 3}
{"s_mean": -0.6737659728568804}
{"s_class": 3}
{"seg_mean": -0.6257638913381877}
{"seg_class": 3}
{"gth_mean": -0.6354424160157597}
{"gth_class": 3}
{"s_mean": -0.6737659728568804}
{"s_class": 3}
{"seg_density": 200.80934588191226}
{"seg_mean": -0.6257638913381877}
{"seg_class": 3}
{"gth_density": 195.61599824756757}
{"gth_mean": -0.6354424160157597}
{"gth_class": 3}
{"s_density": 175.05216647662485}
{"s_mean": -0.6737659728568804}
{"s_class": 3}
