{"s_mean": -0.7010174631732463}
{"s_class": 4}
{"seg_mean": -0.661537041845927}
{"seg_class": 3}
{"gth_mean": -0.6626797641318793}
{"gth_class": 3}
{"s_mean": -0.7010174631732463}
{"s_class": 4}
{"seg_mean": -0.661537041845927}
{"seg_class": 3}
{"gth_mean": -0.6626797641318793}
{"gth_class": 3}
{"s_mean": -0.7010174631732463}
{"s_class": 4}
{"seg_density": 181.61402296323055}
{"seg_mean": -0.661537041845927}
{"seg_class": 3}
{"gth_density": 181.00085574217505}
{"gth_mean": -0.6626797641318793}
{"gth_class": 3}
{"s_density": 160.42943548387098}
{"s_mean": -0.7010174631732463}
{"s_class": 4}
