{"s_mean": -0.8031606744523311}
{"s_class": 4}
{"seg_mean": -0.7829294532660708}
{"seg_class": 4}
{"gth_mean": -0.7868907456806948}
{"gth_class": 4}
{"s_mean": -0.8031606744523311}
{"s_class": 4}
{"seg_mean": -0.7829294532660708}
{"seg_class": 4}
{"gth_mean": -0.7868907456806948}
{"gth_class": 4}
{"s_mean": -0.8031606744523311}
{"s_class": 4}
{"seg_density": 116.47672015332006}
{"seg_mean": -0.7829294532660708}
{"seg_class": 4}
{"gth_density": 114.35115150770743}
{"gth_mean": -0.7868907456806948}
{"gth_class": 4}
{"s_density": 105.62095771144278}
{"s_mean": -0.8031606744523311}
{"s_class": 4}
