{"s_mean": -0.7624536361429249}
{"s_class": 4}
{"seg_mean": -0.7000387918380091}
{"seg_class": 4}
{"gth_mean": -0.7048381452710679}
{"gth_class": 4}
{"s_mean": -0.7624536361429249}
{"s_class": 4}
{"seg_mean": -0.7000387918380091}
{"seg_class": 4}
{"gth_mean": -0.7048381452710679}
{"gth_class": 4}
{"s_mean": -0.7624536361429249}
{"s_class": 4}
{"seg_density": 160.95457548536655}
{"seg_mean": -0.7000387918380091}
{"seg_class": 4}
{"gth_density": 158.37931617381898}
{"gth_mean": -0.7048381452710679}
{"gth_class": 4}
{"s_density": 127.46372901678657}
{"s_mean": -0.7624536361429249}
{"s_class": 4}
