{"s_mean": -0.8471633460385926}
{"s_class": 4}
{"seg_mean": -0.819260856480858}
{"seg_class": 4}
{"gth_mean": -0.8330566192602946}
{"gth_class": 4}
{"s_mean": -0.8471633460385926}
{"s_class": 4}
{"seg_mean": -0.819260856480858}
{"seg_class": 4}
{"gth_mean": -0.8330566192602946}
{"gth_class": 4}
{"s_mean": -0.8471633460385926}
{"s_class": 4}
{"seg_density": 96.98184740942253}
{"seg_mean": -0.819260856480858}
{"seg_class": 4}
{"gth_density": 89.57925306975085}
{"gth_mean": -0.8330566192602946}
{"gth_class": 4}
{"s_density": 82.00980022615907}
{"s_mean": -0.8471633460385926}
{"s_class": 4}
