{"s_mean": -0.6667218006004102}
{"s_class": 3}
{"seg_mean": -0.6051107862228384}
{"seg_class": 3}
{"gth_mean": -0.6108183604569726}
{"gth_class": 3}
{"s_mean": -0.6667218006004102}
{"s_class": 3}
{"seg_mean": -0.6051107862228384}
{"seg_class": 3}
{"gth_mean": -0.6108183604569726}
{"gth_class": 3}
{"s_mean": -0.6667218006004102}
{"s_class": 3}
{"seg_density": 211.89148475801812}
{"seg_mean": -0.6051107862228384}
{"seg_class": 3}
{"gth_density": 208.82888811915484}
{"gth_mean": -0.6108183604569726}
{"gth_class": 3}
{"s_density": 178.8319610778443}
{"s_mean": -0.6667218006004102}
{"s_class": 3}
