{"s_mean": -0.6997620627412038}
{"s_class": 3}
{"seg_mean": -0.7067685554619715}
{"seg_class": 4}
{"gth_mean": -0.7106473982907039}
{"gth_class": 4}
{"s_mean": -0.6997620627412038}
{"s_class": 3}
{"seg_mean": -0.7067685554619715}
{"seg_class": 4}
{"gth_mean": -0.7106473982907039}
{"gth_class": 4}
{"s_mean": -0.6997620627412038}
{"s_class": 3}
{"seg_density": 157.34348772555603}
{"seg_mean": -0.7067685554619715}
{"seg_class": 4}
{"gth_density": 155.26216026091961}
{"gth_mean": -0.7106473982907039}
{"gth_class": 4}
{"s_density": 161.10306406685237}
{"s_mean": -0.6997620627412038}
{"s_class": 3}
