{"s_mean": -0.7361852140733333}
{"s_class": 4}
{"seg_mean": -0.6789079633673302}
{"seg_class": 3}
{"gth_mean": -0.6623581526051764}
{"gth_class": 3}
{"s_mean": -0.7361852140733333}
{"s_class": 4}
{"seg_mean": -0.6789079633673302}
{"seg_class": 3}
{"gth_mean": -0.6623581526051764}
{"gth_class": 3}
{"s_mean": -0.7361852140733333}
{"s_class": 4}
{"seg_density": 172.2930533738657}
{"seg_mean": -0.6789079633673302}
{"seg_class": 3}
{"gth_density": 181.17342754593886}
{"gth_mean": -0.6623581526051764}
{"gth_class": 3}
{"s_density": 141.5589606928714}
{"s_mean": -0.7361852140733333}
{"s_class": 4}
