{"s_mean": -0.6457437109253644}
{"s_class": 3}
{"seg_mean": -0.631276909641064}
{"seg_class": 3}
{"gth_mean": -0.5990279632161527}
{"gth_class": 3}
{"s_mean": -0.6457437109253644}
{"s_class": 3}
{"seg_mean": -0.631276909641064}
{"seg_class": 3}
{"gth_mean": -0.5990279632161527}
{"gth_class": 3}
{"s_mean": -0.6457437109253644}
{"s_class": 3}
{"seg_density": 197.85114496646815}
{"seg_mean": -0.631276909641064}
{"seg_class": 3}
{"gth_density": 215.15543412264725}
{"gth_mean": -0.5990279632161527}
{"gth_class": 3}
{"s_density": 190.08848167539267}
{"s_mean": -0.6457437109253644}
{"s_class": 3}
