{"s_mean": -0.804370178449897}
{"s_class": 4}
{"seg_mean": -0.7710911888665339}
{"seg_class": 4}
{"gth_mean": -0.7603584525065149}
{"gth_class": 4}
{"s_mean": -0.804370178449897}
{"s_class": 4}
{"seg_mean": -0.7710911888665339}
{"seg_class": 4}
{"gth_mean": -0.7603584525065149}
{"gth_class": 4}
{"s_mean": -0.804370178449897}
{"s_class": 4}
{"seg_density": 122.8289509387154}
{"seg_mean": -0.7710911888665339}
{"seg_class": 4}
{"gth_density": 128.58797236421353}
{"gth_mean": -0.7603584525065149}
{"gth_class": 4}
{"s_density": 104.97195645001649}
{"s_mean": -0.804370178449897}
{"s_class": 4}
