{"s_mean": -0.8134612247314427}
{"s_class": 4}
{"seg_mean": -0.7829294532660708}
{"seg_class": 4}
{"gth_mean": -0.7749195888310609}
{"gth_class": 4}
{"s_mean": -0.8134612247314427}
{"s_class": 4}
{"seg_mean": -0.7829294532660708}
{"seg_class": 4}
{"gth_mean": -0.7749195888310609}
{"gth_class": 4}
{"s_mean": -0.8134612247314427}
{"s_class": 4}
{"seg_density": 116.47672015332006}
{"seg_mean": -0.7829294532660708}
{"seg_class": 4}
{"gth_density": 120.77469033997203}
{"gth_mean": -0.7749195888310609}
{"gth_class": 4}
{"s_density": 100.0938406965495}
{"s_mean": -0.8134612247314427}
{"s_class": 4}
