{"s_mean": -0.6656077930488195}
{"s_class": 3}
{"seg_mean": -0.6283773773507023}
{"seg_class": 3}
{"gth_mean": -0.6278437819245163}
{"gth_class": 3}
{"s_mean": -0.6656077930488195}
{"s_class": 3}
{"seg_mean": -0.6283773773507023}
{"seg_class": 3}
{"gth_mean": -0.6278437819245163}
{"gth_class": 3}
{"s_mean": -0.6656077930488195}
{"s_class": 3}
{"seg_density": 199.40698944302875}
{"seg_mean": -0.6283773773507023}
{"seg_class": 3}
{"gth_density": 199.69330855018586}
{"gth_mean": -0.6278437819245163}
{"gth_class": 3}
{"s_density": 179.4297204136346}
{"s_mean": -0.6656077930488195}
{"s_class": 3}
