{"s_mean": -0.5963005756557462}
{"s_class": 3}
{"seg_mean": -0.5827577905183943}
{"seg_class": 3}
{"gth_mean": -0.5820920275359357}
{"gth_class": 3}
{"s_mean": -0.5963005756557462}
{"s_class": 3}
{"seg_mean": -0.5827577905183943}
{"seg_class": 3}
{"gth_mean": -0.5820920275359357}
{"gth_class": 3}
{"s_mean": -0.5963005756557462}
{"s_class": 3}
{"seg_density": 223.8857588059212}
{"seg_mean": -0.5827577905183943}
{"seg_class": 3}
{"gth_density": 224.24299699305917}
{"gth_mean": -0.5820920275359357}
{"gth_class": 3}
{"s_density": 216.61890838206628}
{"s_mean": -0.5963005756557462}
{"s_class": 3}
