{"s_mean": -0.5328876238123352}
{"s_class": 3}
{"seg_mean": -0.48735348542926654}
{"seg_class": 2}
{"gth_mean": -0.5008589850978045}
{"gth_class": 3}
{"s_mean": -0.5328876238123352}
{"s_class": 3}
{"seg_mean": -0.48735348542926654}
{"seg_class": 2}
{"gth_mean": -0.5008589850978045}
{"gth_class": 3}
{"s_mean": -0.5328876238123352}
{"s_class": 3}
{"seg_density": 275.078243058099}
{"seg_mean": -0.48735348542926654}
{"seg_class": 2}
{"gth_density": 267.83139944392957}
{"gth_mean": -0.5008589850978045}
{"gth_class": 3}
{"s_density": 250.6453240201785}
{"s_mean": -0.5328876238123352}
{"s_class": 3}
