{"s_mean": -0.6041324158283286}
{"s_class": 3}
{"seg_mean": -0.6148586307113194}
{"seg_class": 3}
{"gth_mean": -0.6385563758651394}
{"gth_class": 3}
{"s_mean": -0.6041324158283286}
{"s_class": 3}
{"seg_mean": -0.6148586307113194}
{"seg_class": 3}
{"gth_mean": -0.6385563758651394}
{"gth_class": 3}
{"s_mean": -0.6041324158283286}
{"s_class": 3}
{"seg_density": 206.66094117821788}
{"seg_mean": -0.6148586307113194}
{"seg_class": 3}
{"gth_density": 193.94509523745333}
{"gth_mean": -0.6385563758651394}
{"gth_class": 3}
{"s_density": 212.41646327934325}
{"s_mean": -0.6041324158283286}
{"s_class": 3}
