{"s_mean": -0.5851043175087544}
{"s_class": 3}
{"seg_mean": -0.5804661863442695}
{"seg_class": 3}
{"gth_mean": -0.5789005377864204}
{"gth_class": 3}
{"s_mean": -0.5851043175087544}
{"s_class": 3}
{"seg_mean": -0.5804661863442695}
{"seg_class": 3}
{"gth_mean": -0.5789005377864204}
{"gth_class": 3}
{"s_mean": -0.5851043175087544}
{"s_class": 3}
{"seg_density": 225.115398395943}
{"seg_mean": -0.5804661863442695}
{"seg_class": 3}
{"gth_density": 225.95550135636245}
{"gth_mean": -0.5789005377864204}
{"gth_class": 3}
{"s_density": 222.62664847658027}
{"s_mean": -0.5851043175087544}
{"s_class": 3}
