{"s_mean": -0.584828937192325}
{"s_class": 3}
{"seg_mean": -0.5607131028681619}
{"seg_class": 3}
{"gth_mean": -0.572915402851166}
{"gth_class": 3}
{"s_mean": -0.584828937192325}
{"s_class": 3}
{"seg_mean": -0.5607131028681619}
{"seg_class": 3}
{"gth_mean": -0.572915402851166}
{"gth_class": 3}
{"s_mean": -0.584828937192325}
{"s_class": 3}
{"seg_density": 235.71459948899547}
{"seg_mean": -0.5607131028681619}
{"seg_class": 3}
{"gth_density": 229.16703280280953}
{"gth_mean": -0.572915402851166}
{"gth_class": 3}
{"s_density": 222.77441332323997}
{"s_mean": -0.584828937192325}
{"s_class": 3}
