{"s_mean": -0.6057606157410788}
{"s_class": 3}
{"seg_mean": -0.6029726143830108}
{"seg_class": 3}
{"gth_mean": -0.5988826683452236}
{"gth_class": 3}
{"s_mean": -0.6057606157410788}
{"s_class": 3}
{"seg_mean": -0.6029726143830108}
{"seg_class": 3}
{"gth_mean": -0.5988826683452236}
{"gth_class": 3}
{"s_mean": -0.6057606157410788}
{"s_class": 3}
{"seg_density": 213.0387949148981}
{"seg_mean": -0.6029726143830108}
{"seg_class": 3}
{"gth_density": 215.23339711797556}
{"gth_mean": -0.5988826683452236}
{"gth_class": 3}
{"s_density": 211.54279622296679}
{"s_mean": -0.6057606157410788}
{"s_class": 3}
