{"s_mean": -0.4933945053897759}
{"s_class": 2}
{"seg_mean": -0.4484621600206178}
{"seg_class": 2}
{"gth_mean": -0.444688151343106}
{"gth_class": 2}
{"s_mean": -0.4933945053897759}
{"s_class": 2}
{"seg_mean": -0.4484621600206178}
{"seg_class": 2}
{"gth_mean": -0.444688151343106}
{"gth_class": 2}
{"s_mean": -0.4933945053897759}
{"s_class": 2}
{"seg_density": 295.9467307187828}
{"seg_mean": -0.4484621600206178}
{"seg_class": 2}
{"gth_density": 297.9718057886197}
{"gth_mean": -0.444688151343106}
{"gth_class": 2}
{"s_density": 271.8367245657568}
{"s_mean": -0.4933945053897759}
{"s_class": 2}
