{"s_mean": -0.6818321857636667}
{"s_class": 3}
{"seg_mean": -0.7138739539712848}
{"seg_class": 4}
{"gth_mean": -0.7012341363770601}
{"gth_class": 4}
{"s_mean": -0.6818321857636667}
{"s_class": 3}
{"seg_mean": -0.7138739539712848}
{"seg_class": 4}
{"gth_mean": -0.7012341363770601}
{"gth_class": 4}
{"s_mean": -0.6818321857636667}
{"s_class": 3}
{"seg_density": 153.53084005778408}
{"seg_mean": -0.7138739539712848}
{"seg_class": 4}
{"gth_density": 160.31317197182352}
{"gth_mean": -0.7012341363770601}
{"gth_class": 4}
{"s_density": 170.72396056579512}
{"s_mean": -0.6818321857636667}
{"s_class": 3}
