{"s_mean": -0.8115231579568584}
{"s_class": 4}
{"seg_mean": -0.7773282260292695}
{"seg_class": 4}
{"gth_mean": -0.7549807864897049}
{"gth_class": 4}
{"s_mean": -0.8115231579568584}
{"s_class": 4}
{"seg_mean": -0.7773282260292695}
{"seg_class": 4}
{"gth_mean": -0.7549807864897049}
{"gth_class": 4}
{"s_mean": -0.8115231579568584}
{"s_class": 4}
{"seg_density": 119.48225262740432}
{"seg_mean": -0.7773282260292695}
{"seg_class": 4}
{"gth_density": 131.47354532260192}
{"gth_mean": -0.7549807864897049}
{"gth_class": 4}
{"s_density": 101.13377754997437}
{"s_mean": -0.8115231579568584}
{"s_class": 4}
