{"s_mean": -0.4465236761383764}
{"s_class": 2}
{"seg_mean": -0.5132166547352981}
{"seg_class": 3}
{"gth_mean": -0.5339999394543101}
{"gth_class": 3}
{"s_mean": -0.4465236761383764}
{"s_class": 2}
{"seg_mean": -0.5132166547352981}
{"seg_class": 3}
{"gth_mean": -0.5339999394543101}
{"gth_class": 3}
{"s_mean": -0.4465236761383764}
{"s_class": 2}
{"seg_density": 261.2004637883529}
{"seg_mean": -0.5132166547352981}
{"seg_class": 3}
{"gth_density": 250.04847253709232}
{"gth_mean": -0.5339999394543101}
{"gth_class": 3}
{"s_density": 296.98689138576776}
{"s_mean": -0.4465236761383764}
{"s_class": 2}
