{"s_mean": -0.5073192522412365}
{"s_class": 3}
{"seg_mean": -0.4978880210729445}
{"seg_class": 2}
{"gth_mean": -0.5061004773604186}
{"gth_class": 3}
{"s_mean": -0.5073192522412365}
{"s_class": 3}
{"seg_mean": -0.4978880210729445}
{"seg_class": 2}
{"gth_mean": -0.5061004773604186}
{"gth_class": 3}
{"s_mean": -0.5073192522412365}
{"s_class": 3}
{"seg_density": 269.4255730916947}
{"seg_mean": -0.4978880210729445}
{"seg_class": 2}
{"gth_density": 265.01889522977365}
{"gth_mean": -0.5061004773604186}
{"gth_class": 3}
{"s_density": 264.3649193548387}
{"s_mean": -0.5073192522412365}
{"s_class": 3}
