{"s_mean": -0.5993968523943588}
{"s_class": 3}
{"seg_mean": -0.580998478151013}
{"seg_class": 3}
{"gth_mean": -0.609786858486064}
{"gth_class": 3}
{"s_mean": -0.5993968523943588}
{"s_class": 3}
{"seg_mean": -0.580998478151013}
{"seg_class": 3}
{"gth_mean": -0.609786858486064}
{"gth_class": 3}
{"s_mean": -0.5993968523943588}
{"s_class": 3}
{"seg_density": 224.829778790949}
{"seg_mean": -0.580998478151013}
{"seg_class": 3}
{"gth_density": 209.3823762280248}
{"gth_mean": -0.609786858486064}
{"gth_class": 3}
{"s_density": 214.95749385749386}
{"s_mean": -0.5993968523943588}
{"s_class": 3}
