{"s_mean": -0.7359458092429547}
{"s_class": 4}
{"seg_mean": -0.7178958508867187}
{"seg_class": 4}
{"gth_mean": -0.693825614751505}
{"gth_class": 3}
{"s_mean": -0.7359458092429547}
{"s_class": 4}
{"seg_mean": -0.7178958508867187}
{"seg_class": 4}
{"gth_mean": -0.693825614751505}
{"gth_class": 3}
{"s_mean": -0.7359458092429547}
{"s_class": 4}
{"seg_density": 151.37275196820687}
{"seg_mean": -0.7178958508867187}
{"seg_class": 4}
{"gth_density": 164.28847084637476}
{"gth_mean": -0.693825614751505}
{"gth_class": 3}
{"s_density": 141.68742164646886}
{"s_mean": -0.7359458092429547}
{"s_class": 4}
