{"s_mean": -0.45765362159739054}
{"s_class": 2}
{"seg_mean": -0.4374877834709496}
{"seg_class": 2}
{"gth_mean": -0.4424113736778753}
{"gth_class": 2}
{"s_mean": -0.45765362159739054}
{"s_class": 2}
{"seg_mean": -0.4374877834709496}
{"seg_class": 2}
{"gth_mean": -0.4424113736778753}
{"gth_class": 2}
{"s_mean": -0.45765362159739054}
{"s_class": 2}
{"seg_density": 301.8354125573174}
{"seg_mean": -0.4374877834709496}
{"seg_class": 2}
{"gth_density": 299.1934897017738}
{"gth_mean": -0.4424113736778753}
{"gth_class": 2}
{"s_density": 291.014733660748}
{"s_mean": -0.45765362159739054}
{"s_class": 2}
