{"s_mean": -0.6807103738716268}
{"s_class": 3}
{"seg_mean": -0.6473979284053194}
{"seg_class": 3}
{"gth_mean": -0.6184579741546924}
{"gth_class": 3}
{"s_mean": -0.6807103738716268}
{"s_class": 3}
{"seg_mean": -0.6473979284053194}
{"seg_class": 3}
{"gth_mean": -0.6184579741546924}
{"gth_class": 3}
{"s_mean": -0.6807103738716268}
{"s_class": 3}
{"seg_density": 189.20085399220628}
{"seg_mean": -0.6473979284053194}
{"seg_class": 3}
{"gth_density": 204.72958878934068}
{"gth_mean": -0.6184579741546924}
{"gth_class": 3}
{"s_density": 171.32590759075907}
{"s_mean": -0.6807103738716268}
{"s_class": 3}
