{"s_mean": -0.7738971720843928}
{"s_class": 4}
{"seg_mean": -0.7527966522703362}
{"seg_class": 4}
{"gth_mean": -0.7639374327893949}
{"gth_class": 4}
{"s_mean": -0.7738971720843928}
{"s_class": 4}
{"seg_mean": -0.7527966522703362}
{"seg_class": 4}
{"gth_mean": -0.7639374327893949}
{"gth_class": 4}
{"s_mean": -0.7738971720843928}
{"s_class": 4}
{"seg_density": 132.64551818614532}
{"seg_mean": -0.7527966522703362}
{"seg_class": 4}
{"gth_density": 126.6675465343831}
{"gth_mean": -0.7639374327893949}
{"gth_class": 4}
{"s_density": 121.32330345710628}
{"s_mean": -0.7738971720843928}
{"s_class": 4}
