{"s_mean": -0.7585806097266405}
{"s_class": 4}
{"seg_mean": -0.7152391090376448}
{"seg_class": 4}
{"gth_mean": -0.7173877709244308}
{"gth_class": 4}
{"s_mean": -0.7585806097266405}
{"s_class": 4}
{"seg_mean": -0.7152391090376448}
{"seg_class": 4}
{"gth_mean": -0.7173877709244308}
{"gth_class": 4}
{"s_mean": -0.7585806097266405}
{"s_class": 4}
{"seg_density": 152.79831882437506}
{"seg_mean": -0.7152391090376448}
{"seg_class": 4}
{"gth_density": 151.64537986947374}
{"gth_mean": -0.7173877709244308}
{"gth_class": 4}
{"s_density": 129.54193548387096}
{"s_mean": -0.7585806097266405}
{"s_class": 4}
