{"s_mean": -0.7255885787728918}
{"s_class": 4}
{"seg_mean": -0.6967913982125481}
{"seg_class": 3}
{"gth_mean": -0.7022809622744314}
{"gth_class": 4}
{"s_mean": -0.7255885787728918}
{"s_class": 4}
{"seg_mean": -0.6967913982125481}
{"seg_class": 3}
{"gth_mean": -0.7022809622744314}
{"gth_class": 4}
{"s_mean": -0.7255885787728918}
{"s_class": 4}
{"seg_density": 162.69707700955593}
{"seg_mean": -0.6967913982125481}
{"seg_class": 3}
{"gth_density": 159.75146127946127}
{"gth_mean": -0.7022809622744314}
{"gth_class": 4}
{"s_density": 147.24495238095238}
{"s_mean": -0.7255885787728918}
{"s_class": 4}
