{"s_mean": -0.6185365829977688}
{"s_class": 3}
{"seg_mean": -0.6177819774742691}
{"seg_class": 3}
{"gth_mean": -0.6369086515657746}
{"gth_class": 3}
{"s_mean": -0.6185365829977688}
{"s_class": 3}
{"seg_mean": -0.6177819774742691}
{"seg_class": 3}
{"gth_mean": -0.6369086515657746}
{"gth_class": 3}
{"s_mean": -0.6185365829977688}
{"s_class": 3}
{"seg_density": 205.0923182215688}
{"seg_mean": -0.6177819774742691}
{"seg_class": 3}
{"gth_density": 194.8292387797008}
{"gth_mean": -0.6369086515657746}
{"gth_class": 3}
{"s_density": 204.68740849194728}
{"s_mean": -0.6185365829977688}
{"s_class": 3}
