{"s_mean": -0.6049483342004679}
{"s_class": 3}
{"seg_mean": -0.6164206255458634}
{"seg_class": 3}
{"gth_mean": -0.5826937906362432}
{"gth_class": 3}
{"s_mean": -0.6049483342004679}
{"s_class": 3}
{"seg_mean": -0.6164206255458634}
{"seg_class": 3}
{"gth_mean": -0.5826937906362432}
{"gth_class": 3}
{"s_mean": -0.6049483342004679}
{"s_class": 3}
{"seg_density": 205.82279874958556}
{"seg_mean": -0.6164206255458634}
{"seg_class": 3}
{"gth_density": 223.9201001593444}
{"gth_mean": -0.5826937906362432}
{"gth_class": 3}
{"s_density": 211.97865401719537}
{"s_mean": -0.6049483342004679}
{"s_class": 3}
