{"s_mean": -0.7140878612440021}
{"s_class": 4}
{"seg_mean": -0.6809315972497918}
{"seg_class": 3}
{"gth_mean": -0.7002643570828888}
{"gth_class": 4}
{"s_mean": -0.7140878612440021}
{"s_class": 4}
{"seg_mean": -0.6809315972497918}
{"seg_class": 3}
{"gth_mean": -0.7002643570828888}
{"gth_class": 4}
{"s_mean": -0.7140878612440021}
{"s_class": 4}
{"seg_density": 171.20720252506686}
{"seg_mean": -0.6809315972497918}
{"seg_class": 3}
{"gth_density": 160.8335406407067}
{"gth_mean": -0.7002643570828888}
{"gth_class": 4}
{"s_density": 153.41606070186532}
{"s_mean": -0.7140878612440021}
{"s_class": 4}
