{"s_mean": -0.6947996383325988}
{"s_class": 3}
{"seg_mean": -0.6567304937782427}
{"seg_class": 3}
{"gth_mean": -0.6502784850731671}
{"gth_class": 3}
{"s_mean": -0.6947996383325988}
{"s_class": 3}
{"seg_mean": -0.6567304937782427}
{"seg_class": 3}
{"gth_mean": -0.6502784850731671}
{"gth_class": 3}
{"s_mean": -0.6947996383325988}
{"s_class": 3}
{"seg_density": 184.19314280517472}
{"seg_mean": -0.6567304937782427}
{"seg_class": 3}
{"gth_density": 187.65519154313188}
{"gth_mean": -0.6502784850731671}
{"gth_class": 3}
{"s_density": 163.76582475834113}
{"s_mean": -0.6947996383325988}
{"s_class": 3}
