{"s_mean": -0.6029425305954519}
{"s_class": 3}
{"seg_mean": -0.5727227285702697}
{"seg_class": 3}
{"gth_mean": -0.553315113956903}
{"gth_class": 3}
{"s_mean": -0.6029425305954519}
{"s_class": 3}
{"seg_mean": -0.5727227285702697}
{"seg_class": 3}
{"gth_mean": -0.553315113956903}
{"gth_class": 3}
{"s_mean": -0.6029425305954519}
{"s_class": 3}
{"seg_density": 229.27041886155578}
{"seg_mean": -0.5727227285702697}
{"seg_class": 3}
{"gth_density": 239.6842466708873}
{"gth_mean": -0.553315113956903}
{"gth_class": 3}
{"s_density": 213.0549374130737}
{"s_mean": -0.6029425305954519}
{"s_class": 3}
