{"s_mean": -0.46897982749779077}
{"s_class": 2}
{"seg_mean": -0.42765663370066914}
{"seg_class": 2}
{"gth_mean": -0.4317203267528172}
{"gth_class": 2}
{"s_mean": -0.46897982749779077}
{"s_class": 2}
{"seg_mean": -0.42765663370066914}
{"seg_class": 2}
{"gth_mean": -0.4317203267528172}
{"gth_class": 2}
{"s_mean": -0.46897982749779077}
{"s_class": 2}
{"seg_density": 307.1106564713705}
{"seg_mean": -0.42765663370066914}
{"seg_class": 2}
{"gth_density": 304.93014121701765}
{"gth_mean": -0.4317203267528172}
{"gth_class": 2}
{"s_density": 284.93726559836347}
{"s_mean": -0.46897982749779077}
{"s_class": 2}
