{"s_mean": -0.6154984841879735}
{"s_class": 3}
{"seg_mean": -0.591755999200074}
{"seg_class": 3}
{"gth_mean": -0.5803762804361355}
{"gth_class": 3}
{"s_mean": -0.6154984841879735}
{"s_class": 3}
{"seg_mean": -0.591755999200074}
{"seg_class": 3}
{"gth_mean": -0.5803762804361355}
{"gth_class": 3}
{"s_mean": -0.6154984841879735}
{"s_class": 3}
{"seg_density": 219.05745828212028}
{"seg_mean": -0.591755999200074}
{"seg_class": 3}
{"gth_density": 225.16364052487032}
{"gth_mean": -0.5803762804361355}
{"gth_class": 3}
{"s_density": 206.31760563380283}
{"s_mean": -0.6154984841879735}
{"s_class": 3}
