{"s_mean": -0.5303387728823085}
{"s_class": 3}
{"seg_mean": -0.5428191616762524}
{"seg_class": 3}
{"gth_mean": -0.5128412910475384}
{"gth_class": 3}
{"s_mean": -0.5303387728823085}
{"s_class": 3}
{"seg_mean": -0.5428191616762524}
{"seg_class": 3}
{"gth_mean": -0.5128412910475384}
{"gth_class": 3}
{"s_mean": -0.5303387728823085}
{"s_class": 3}
{"seg_density": 245.31621339751302}
{"seg_mean": -0.5428191616762524}
{"seg_class": 3}
{"gth_density": 261.4018781758539}
{"gth_mean": -0.5128412910475384}
{"gth_class": 3}
{"s_density": 252.01299826689774}
{"s_mean": -0.5303387728823085}
{"s_class": 3}
