{"s_mean": -0.5803709674109566}
{"s_class": 3}
{"seg_mean": -0.5448071273485302}
{"seg_class": 3}
{"gth_mean": -0.5530401163212939}
{"gth_class": 3}
{"s_mean": -0.5803709674109566}
{"s_class": 3}
{"seg_mean": -0.5448071273485302}
{"seg_class": 3}
{"gth_mean": -0.5530401163212939}
{"gth_class": 3}
{"s_mean": -0.5803709674109566}
{"s_class": 3}
{"seg_density": 244.2495015622675}
{"seg_mean": -0.5448071273485302}
{"seg_class": 3}
{"gth_density": 239.83180617689862}
{"gth_mean": -0.5530401163212939}
{"gth_class": 3}
{"s_density": 225.1664914125482}
{"s_mean": -0.5803709674109566}
{"s_class": 3}
