{"s_mean": -0.6715766871423898}
{"s_class": 3}
{"seg_mean": -0.618590776500851}
{"seg_class": 3}
{"gth_mean": -0.5962453513279068}
{"gth_class": 3}
{"s_mean": -0.6715766871423898}
{"s_class": 3}
{"seg_mean": -0.618590776500851}
{"seg_class": 3}
{"gth_mean": -0.5962453513279068}
{"gth_class": 3}
{"s_mean": -0.6715766871423898}
{"s_class": 3}
{"seg_density": 204.65832909086038}
{"seg_mean": -0.618590776500851}
{"seg_class": 3}
{"gth_density": 216.64854090787955}
{"gth_mean": -0.5962453513279068}
{"gth_class": 3}
{"s_density": 176.22690355329948}
{"s_mean": -0.6715766871423898}
{"s_class": 3}
