{"s_mean": -0.657306362990897}
{"s_class": 3}
{"seg_mean": -0.6122018009176368}
{"seg_class": 3}
{"gth_mean": -0.6283036409662072}
{"gth_class": 3}
{"s_mean": -0.657306362990897}
{"s_class": 3}
{"seg_mean": -0.6122018009176368}
{"seg_class": 3}
{"gth_mean": -0.6283036409662072}
{"gth_class": 3}
{"s_mean": -0.657306362990897}
{"s_class": 3}
{"seg_density": 208.0865552241119}
{"seg_mean": -0.6122018009176368}
{"seg_class": 3}
{"gth_density": 199.44655525401134}
{"gth_mean": -0.6283036409662072}
{"gth_class": 3}
{"s_density": 183.88414023372286}
{"s_mean": -0.657306362990897}
{"s_class": 3}
