{"s_mean": -0.6956886031876941}
{"s_class": 3}
{"seg_mean": -0.6413738194955796}
{"seg_class": 3}
{"gth_mean": -0.6837787108594099}
{"gth_class": 3}
{"s_mean": -0.6956886031876941}
{"s_class": 3}
{"seg_mean": -0.6413738194955796}
{"seg_class": 3}
{"gth_mean": -0.6837787108594099}
{"gth_class": 3}
{"s_mean": -0.6956886031876941}
{"s_class": 3}
{"seg_density": 192.4332982745388}
{"seg_mean": -0.6413738194955796}
{"seg_class": 3}
{"gth_density": 169.67948510719586}
{"gth_mean": -0.6837787108594099}
{"gth_class": 3}
{"s_density": 163.2888198757764}
{"s_mean": -0.6956886031876941}
{"s_class": 3}
