{"s_mean": -0.5478319434491667}
{"s_class": 3}
{"seg_mean": -0.5514380364867716}
{"seg_class": 3}
{"gth_mean": -0.5387739525702879}
{"gth_class": 3}
{"s_mean": -0.5478319434491667}
{"s_class": 3}
{"seg_mean": -0.5514380364867716}
{"seg_class": 3}
{"gth_mean": -0.5387739525702879}
{"gth_class": 3}
{"s_mean": -0.5478319434491667}
{"s_class": 3}
{"seg_density": 240.69145760062526}
{"seg_mean": -0.5514380364867716}
{"seg_class": 3}
{"gth_density": 247.486810450344}
{"gth_mean": -0.5387739525702879}
{"gth_class": 3}
{"s_density": 242.62643171806167}
{"s_mean": -0.5478319434491667}
{"s_class": 3}
