{"s_mean": -0.5379339864177483}
{"s_class": 3}
{"seg_mean": -0.48624606232971873}
{"seg_class": 2}
{"gth_mean": -0.48048189169695177}
{"gth_class": 2}
{"s_mean": -0.5379339864177483}
{"s_class": 3}
{"seg_mean": -0.48624606232971873}
{"seg_class": 2}
{"gth_mean": -0.48048189169695177}
{"gth_class": 2}
{"s_mean": -0.5379339864177483}
{"s_class": 3}
{"seg_density": 275.6724692780913}
{"seg_mean": -0.48624606232971873}
{"seg_class": 2}
{"gth_density": 278.76543467487414}
{"gth_mean": -0.48048189169695177}
{"gth_class": 2}
{"s_density": 247.93752338196782}
{"s_mean": -0.5379339864177483}
{"s_class": 3}
