{"s_mean": -0.6842300335007091}
{"s_class": 3}
{"seg_mean": -0.6566212118178244}
{"seg_class": 3}
{"gth_mean": -0.6679669849685415}
{"gth_class": 3}
{"s_mean": -0.6842300335007091}
{"s_class": 3}
{"seg_mean": -0.6566212118178244}
{"seg_class": 3}
{"gth_mean": -0.6679669849685415}
{"gth_class": 3}
{"s_mean": -0.6842300335007091}
{"s_class": 3}
{"seg_density": 184.2517818260505}
{"seg_mean": -0.6566212118178244}
{"seg_class": 3}
{"gth_density": 178.16381427779098}
{"gth_mean": -0.6679669849685415}
{"gth_class": 3}
{"s_density": 169.43731231231232}
{"s_mean": -0.6842300335007091}
{"s_class": 3}
