{"s_mean": -0.6369869125003512}
{"s_class": 3}
{"seg_mean": -0.5736903687209889}
{"seg_class": 3}
{"gth_mean": -0.5709974938059045}
{"gth_class": 3}
{"s_mean": -0.6369869125003512}
{"s_class": 3}
{"seg_mean": -0.5736903687209889}
{"seg_class": 3}
{"gth_mean": -0.5709974938059045}
{"gth_class": 3}
{"s_mean": -0.6369869125003512}
{"s_class": 3}
{"seg_density": 228.75119802418166}
{"seg_mean": -0.5736903687209889}
{"seg_class": 3}
{"gth_density": 230.1961533283974}
{"gth_mean": -0.5709974938059045}
{"gth_class": 3}
{"s_density": 194.78724516466283}
{"s_mean": -0.6369869125003512}
{"s_class": 3}
