{"s_mean": -0.8175138244973371}
{"s_class": 4}
{"seg_mean": -0.7926375231079099}
{"seg_class": 4}
{"gth_mean": -0.8124957323289644}
{"gth_class": 4}
{"s_mean": -0.8175138244973371}
{"s_class": 4}
{"seg_mean": -0.7926375231079099}
{"seg_class": 4}
{"gth_mean": -0.8124957323289644}
{"gth_class": 4}
{"s_mean": -0.8175138244973371}
{"s_class": 4}
{"seg_density": 111.26751903778221}
{"seg_mean": -0.7926375231079099}
{"seg_class": 4}
{"gth_density": 100.61190908521695}
{"gth_mean": -0.8124957323289644}
{"gth_class": 4}
{"s_density": 97.91927792915531}
{"s_mean": -0.8175138244973371}
{"s_class": 4}
