{"s_mean": -0.4506003332629026}
{"s_class": 2}
{"seg_mean": -0.4879812406376026}
{"seg_class": 2}
{"gth_mean": -0.532462910233555}
{"gth_class": 3}
{"s_mean": -0.4506003332629026}
{"s_class": 2}
{"seg_mean": -0.4879812406376026}
{"seg_class": 2}
{"gth_mean": -0.532462910233555}
{"gth_class": 3}
{"s_mean": -0.4506003332629026}
{"s_class": 2}
{"seg_density": 274.74139925857713}
{"seg_mean": -0.4879812406376026}
{"seg_class": 2}
{"gth_density": 250.8732188009547}
{"gth_mean": -0.532462910233555}
{"gth_class": 3}
{"s_density": 294.79941980936593}
{"s_mean": -0.4506003332629026}
{"s_class": 2}
