{"s_mean": -0.47522125714429314}
{"s_class": 2}
{"seg_mean": -0.4449822815238563}
{"seg_class": 2}
{"gth_mean": -0.44920222081344496}
{"gth_class": 2}
{"s_mean": -0.47522125714429314}
{"s_class": 2}
{"seg_mean": -0.4449822815238563}
{"seg_class": 2}
{"gth_mean": -0.44920222081344496}
{"gth_class": 2}
{"s_mean": -0.47522125714429314}
{"s_class": 2}
{"seg_density": 297.81398005285143}
{"seg_mean": -0.4449822815238563}
{"seg_class": 2}
{"gth_density": 295.5496254681648}
{"gth_mean": -0.44920222081344496}
{"gth_class": 2}
{"s_density": 281.58821034775235}
{"s_mean": -0.47522125714429314}
{"s_class": 2}
