{"s_mean": -0.5945745331268569}
{"s_class": 3}
{"seg_mean": -0.5515020711035877}
{"seg_class": 3}
{"gth_mean": -0.58004640303286}
{"gth_class": 3}
{"s_mean": -0.5945745331268569}
{"s_class": 3}
{"seg_mean": -0.5515020711035877}
{"seg_class": 3}
{"gth_mean": -0.58004640303286}
{"gth_class": 3}
{"s_mean": -0.5945745331268569}
{"s_class": 3}
{"seg_density": 240.65709760911443}
{"seg_mean": -0.5515020711035877}
{"seg_class": 3}
{"gth_density": 225.3406476710001}
{"gth_mean": -0.58004640303286}
{"gth_class": 3}
{"s_density": 217.54507628294036}
{"s_mean": -0.5945745331268569}
{"s_class": 3}
