{"s_mean": -0.3290563438144598}
{"s_class": 2}
{"seg_mean": -0.3605524294752712}
{"seg_class": 2}
{"gth_mean": -0.3430534411729612}
{"gth_class": 2}
{"s_mean": -0.3290563438144598}
{"s_class": 2}
{"seg_mean": -0.3605524294752712}
{"seg_class": 2}
{"gth_mean": -0.3430534411729612}
{"gth_class": 2}
{"s_mean": -0.3290563438144598}
{"s_class": 2}
{"seg_density": 343.1177414226667}
{"seg_mean": -0.3605524294752712}
{"seg_class": 2}
{"gth_density": 352.5074296789584}
{"gth_mean": -0.3430534411729612}
{"gth_class": 2}
{"s_density": 360.0180570603106}
{"s_mean": -0.3290563438144598}
{"s_class": 2}
