{"s_mean": -0.5620518089090554}
{"s_class": 3}
{"seg_mean": -0.4908149602995934}
{"seg_class": 2}
{"gth_mean": -0.5047648010651689}
{"gth_class": 3}
{"s_mean": -0.5620518089090554}
{"s_class": 3}
{"seg_mean": -0.4908149602995934}
{"seg_class": 2}
{"gth_mean": -0.5047648010651689}
{"gth_class": 3}
{"s_mean": -0.5620518089090554}
{"s_class": 3}
{"seg_density": 273.220868827209}
{"seg_mean": -0.4908149602995934}
{"seg_class": 2}
{"gth_density": 265.73559860753744}
{"gth_mean": -0.5047648010651689}
{"gth_class": 3}
{"s_density": 234.9962703962704}
{"s_mean": -0.5620518089090554}
{"s_class": 3}
