{"s_mean": -0.7113372634818562}
{"s_class": 4}
{"seg_mean": -0.6443758408325388}
{"seg_class": 3}
{"gth_mean": -0.6846563296466021}
{"gth_class": 3}
{"s_mean": -0.7113372634818562}
{"s_class": 4}
{"seg_mean": -0.6443758408325388}
{"seg_class": 3}
{"gth_mean": -0.6846563296466021}
{"gth_class": 3}
{"s_mean": -0.7113372634818562}
{"s_class": 4}
{"seg_density": 190.8224597502875}
{"seg_mean": -0.6443758408325388}
{"seg_class": 3}
{"gth_density": 169.20856835033905}
{"gth_mean": -0.6846563296466021}
{"gth_class": 3}
{"s_density": 154.8919891989199}
{"s_mean": -0.7113372634818562}
{"s_class": 4}
