{"s_mean": -0.5945033984207042}
{"s_class": 3}
{"seg_mean": -0.5934554801705463}
{"seg_class": 3}
{"gth_mean": -0.5897194030715707}
{"gth_class": 3}
{"s_mean": -0.5945033984207042}
{"s_class": 3}
{"seg_mean": -0.5934554801705463}
{"seg_class": 3}
{"gth_mean": -0.5897194030715707}
{"gth_class": 3}
{"s_mean": -0.5945033984207042}
{"s_class": 3}
{"seg_density": 218.14554290538229}
{"seg_mean": -0.5934554801705463}
{"seg_class": 3}
{"gth_density": 220.1502644729841}
{"gth_mean": -0.5897194030715707}
{"gth_class": 3}
{"s_density": 217.58324607329843}
{"s_mean": -0.5945033984207042}
{"s_class": 3}
