{"s_mean": -0.7857196069368315}
{"s_class": 4}
{"seg_mean": -0.7288721891620306}
{"seg_class": 4}
{"gth_mean": -0.7347191558550568}
{"gth_class": 4}
{"s_mean": -0.7857196069368315}
{"s_class": 4}
{"seg_mean": -0.7288721891620306}
{"seg_class": 4}
{"gth_mean": -0.7347191558550568}
{"gth_class": 4}
{"s_mean": -0.7857196069368315}
{"s_class": 4}
{"seg_density": 145.48301749783326}
{"seg_mean": -0.7288721891620306}
{"seg_class": 4}
{"gth_density": 142.345625007252}
{"gth_mean": -0.7347191558550568}
{"gth_class": 4}
{"s_density": 114.97956656346749}
{"s_mean": -0.7857196069368315}
{"s_class": 4}
