{"s_mean": -0.5758597161352318}
{"s_class": 3}
{"seg_mean": -0.5563430328220935}
{"seg_class": 3}
{"gth_mean": -0.5653603016441078}
{"gth_class": 3}
{"s_mean": -0.5758597161352318}
{"s_class": 3}
{"seg_mean": -0.5563430328220935}
{"seg_class": 3}
{"gth_mean": -0.5653603016441078}
{"gth_class": 3}
{"s_mean": -0.5758597161352318}
{"s_class": 3}
{"seg_density": 238.0595119308949}
{"seg_mean": -0.5563430328220935}
{"seg_class": 3}
{"gth_density": 233.22098402864384}
{"gth_mean": -0.5653603016441078}
{"gth_class": 3}
{"s_density": 227.58715953307393}
{"s_mean": -0.5758597161352318}
{"s_class": 3}
