{"s_mean": -0.7243251315606458}
{"s_class": 4}
{"seg_mean": -0.7240744552414734}
{"seg_class": 4}
{"gth_mean": -0.7304721132221268}
{"gth_class": 4}
{"s_mean": -0.7243251315606458}
{"s_class": 4}
{"seg_mean": -0.7240744552414734}
{"seg_class": 4}
{"gth_mean": -0.7304721132221268}
{"gth_class": 4}
{"s_mean": -0.7243251315606458}
{"s_class": 4}
{"seg_density": 148.05740780385574}
{"seg_mean": -0.7240744552414734}
{"seg_class": 4}
{"gth_density": 144.62452282954084}
{"gth_mean": -0.7304721132221268}
{"gth_class": 4}
{"s_density": 147.9228987425546}
{"s_mean": -0.7243251315606458}
{"s_class": 4}
