{"s_mean": -0.705016235464166}
{"s_class": 4}
{"seg_mean": -0.646805274593166}
{"seg_class": 3}
{"gth_mean": -0.6242376510045503}
{"gth_class": 3}
{"s_mean": -0.705016235464166}
{"s_class": 4}
{"seg_mean": -0.646805274593166}
{"seg_class": 3}
{"gth_mean": -0.6242376510045503}
{"gth_class": 3}
{"s_mean": -0.705016235464166}
{"s_class": 4}
{"seg_density": 189.518862921859}
{"seg_mean": -0.646805274593166}
{"seg_class": 3}
{"gth_density": 201.6283029947152}
{"gth_mean": -0.6242376510045503}
{"gth_class": 3}
{"s_density": 158.28375571250518}
{"s_mean": -0.705016235464166}
{"s_class": 4}
