{"s_mean": -0.811965570937382}
{"s_class": 4}
{"seg_mean": -0.7509554695337799}
{"seg_class": 4}
{"gth_mean": -0.7708855463337977}
{"gth_class": 4}
{"s_mean": -0.811965570937382}
{"s_class": 4}
{"seg_mean": -0.7509554695337799}
{"seg_class": 4}
{"gth_mean": -0.7708855463337977}
{"gth_class": 4}
{"s_mean": -0.811965570937382}
{"s_class": 4}
{"seg_density": 133.63346855335868}
{"seg_mean": -0.7509554695337799}
{"seg_class": 4}
{"gth_density": 122.93929556214557}
{"gth_mean": -0.7708855463337977}
{"gth_class": 4}
{"s_density": 100.89638554216867}
{"s_mean": -0.811965570937382}
{"s_class": 4}
