{"s_mean": -0.5572388149054301}
{"s_class": 3}
{"seg_mean": -0.516675022854116}
{"seg_class": 3}
{"gth_mean": -0.5526892489163204}
{"gth_class": 3}
{"s_mean": -0.5572388149054301}
{"s_class": 3}
{"seg_mean": -0.516675022854116}
{"seg_class": 3}
{"gth_mean": -0.5526892489163204}
{"gth_class": 3}
{"s_mean": -0.5572388149054301}
{"s_class": 3}
{"seg_density": 259.3447565925883}
{"seg_mean": -0.516675022854116}
{"seg_class": 3}
{"gth_density": 240.02007623543454}
{"gth_mean": -0.5526892489163204}
{"gth_class": 3}
{"s_density": 237.5788490284006}
{"s_mean": -0.5572388149054301}
{"s_class": 3}
