{"s_mean": -0.6873568287359315}
{"s_class": 3}
{"seg_mean": -0.6609254116515747}
{"seg_class": 3}
{"gth_mean": -0.6790415907358477}
{"gth_class": 3}
{"s_mean": -0.6873568287359315}
{"s_class": 3}
{"seg_mean": -0.6609254116515747}
{"seg_class": 3}
{"gth_mean": -0.6790415907358477}
{"gth_class": 3}
{"s_mean": -0.6873568287359315}
{"s_class": 3}
{"seg_density": 181.94221432800472}
{"seg_mean": -0.6609254116515747}
{"seg_class": 3}
{"gth_density": 172.22135098106375}
{"gth_mean": -0.6790415907358477}
{"gth_class": 3}
{"s_density": 167.75952203136669}
{"s_mean": -0.6873568287359315}
{"s_class": 3}
