{"s_mean": -0.5333128366216708}
{"s_class": 3}
{"seg_mean": -0.45642046946331}
{"seg_class": 2}
{"gth_mean": -0.4761077565790607}
{"gth_class": 2}
{"s_mean": -0.5333128366216708}
{"s_class": 3}
{"seg_mean": -0.45642046946331}
{"seg_class": 2}
{"gth_mean": -0.4761077565790607}
{"gth_class": 2}
{"s_mean": -0.5333128366216708}
{"s_class": 3}
{"seg_density": 291.67642414888144}
{"seg_mean": -0.45642046946331}
{"seg_class": 2}
{"gth_density": 281.1125283718551}
{"gth_mean": -0.4761077565790607}
{"gth_class": 2}
{"s_density": 250.41716135995682}
{"s_mean": -0.5333128366216708}
{"s_class": 3}
