{"s_mean": -0.6713838870084463}
{"s_class": 3}
{"seg_mean": -0.5815331351422875}
{"seg_class": 3}
{"gth_mean": -0.6194198305608054}
{"gth_class": 3}
{"s_mean": -0.6713838870084463}
{"s_class": 3}
{"seg_mean": -0.5815331351422875}
{"seg_class": 3}
{"gth_mean": -0.6194198305608054}
{"gth_class": 3}
{"s_mean": -0.6713838870084463}
{"s_class": 3}
{"seg_density": 224.5428900642761}
{"seg_mean": -0.5815331351422875}
{"seg_class": 3}
{"gth_density": 204.21347142045678}
{"gth_mean": -0.6194198305608054}
{"gth_class": 3}
{"s_density": 176.33035714285714}
{"s_mean": -0.6713838870084463}
{"s_class": 3}
