{"s_mean": -0.7912724430925084}
{"s_class": 4}
{"seg_mean": -0.7650212534511681}
{"seg_class": 4}
{"gth_mean": -0.7736852644258111}
{"gth_class": 4}
{"s_mean": -0.7912724430925084}
{"s_class": 4}
{"seg_mean": -0.7650212534511681}
{"seg_class": 4}
{"gth_mean": -0.7736852644258111}
{"gth_class": 4}
{"s_mean": -0.7912724430925084}
{"s_class": 4}
{"seg_density": 126.08598501985622}
{"seg_mean": -0.7650212534511681}
{"seg_class": 4}
{"gth_density": 121.43700985080336}
{"gth_mean": -0.7736852644258111}
{"gth_class": 4}
{"s_density": 112.0}
{"s_mean": -0.7912724430925084}
{"s_class": 4}
