{"s_mean": -0.6978411379098858}
{"s_class": 3}
{"seg_mean": -0.6808643291188032}
{"seg_class": 3}
{"gth_mean": -0.6730378338905355}
{"gth_class": 3}
{"s_mean": -0.6978411379098858}
{"s_class": 3}
{"seg_mean": -0.6808643291188032}
{"seg_class": 3}
{"gth_mean": -0.6730378338905355}
{"gth_class": 3}
{"s_mean": -0.6978411379098858}
{"s_class": 3}
{"seg_density": 171.24329757060056}
{"seg_mean": -0.6808643291188032}
{"seg_class": 3}
{"gth_density": 175.4428746583278}
{"gth_mean": -0.6730378338905355}
{"gth_class": 3}
{"s_density": 162.1338028169014}
{"s_mean": -0.6978411379098858}
{"s_class": 3}
