{"s_mean": -0.8050355208141418}
{"s_class": 4}
{"seg_mean": -0.7641051543869151}
{"seg_class": 4}
{"gth_mean": -0.7716054682838075}
{"gth_class": 4}
{"s_mean": -0.8050355208141418}
{"s_class": 4}
{"seg_mean": -0.7641051543869151}
{"seg_class": 4}
{"gth_mean": -0.7716054682838075}
{"gth_class": 4}
{"s_mean": -0.8050355208141418}
{"s_class": 4}
{"seg_density": 126.57754970214599}
{"seg_mean": -0.7641051543869151}
{"seg_class": 4}
{"gth_density": 122.55299650515597}
{"gth_mean": -0.7716054682838075}
{"gth_class": 4}
{"s_density": 104.61494396014945}
{"s_mean": -0.8050355208141418}
{"s_class": 4}
