{"s_mean": -0.7549030243537285}
{"s_class": 4}
{"seg_mean": -0.7210822584619401}
{"seg_class": 4}
{"gth_mean": -0.7194568478653209}
{"gth_class": 4}
{"s_mean": -0.7549030243537285}
{"s_class": 4}
{"seg_mean": -0.7210822584619401}
{"seg_class": 4}
{"gth_mean": -0.7194568478653209}
{"gth_class": 4}
{"s_mean": -0.7549030243537285}
{"s_class": 4}
{"seg_density": 149.6629746215436}
{"seg_mean": -0.7210822584619401}
{"seg_class": 4}
{"gth_density": 150.53514497374127}
{"gth_mean": -0.7194568478653209}
{"gth_class": 4}
{"s_density": 131.51527128997483}
{"s_mean": -0.7549030243537285}
{"s_class": 4}
