{"s_mean": -0.5867547133452207}
{"s_class": 3}
{"seg_mean": -0.5270824207144604}
{"seg_class": 3}
{"gth_mean": -0.5310227668349912}
{"gth_class": 3}
{"s_mean": -0.5867547133452207}
{"s_class": 3}
{"seg_mean": -0.5270824207144604}
{"seg_class": 3}
{"gth_mean": -0.5310227668349912}
{"gth_class": 3}
{"s_mean": -0.5867547133452207}
{"s_class": 3}
{"seg_density": 253.76030680728667}
{"seg_mean": -0.5270824207144604}
{"seg_class": 3}
{"gth_density": 251.64597762125098}
{"gth_mean": -0.5310227668349912}
{"gth_class": 3}
{"s_density": 221.74107142857142}
{"s_mean": -0.5867547133452207}
{"s_class": 3}
