{"s_mean": -0.622514905096184}
{"s_class": 3}
{"seg_mean": -0.541599252562206}
{"seg_class": 3}
{"gth_mean": -0.5100663438592518}
{"gth_class": 3}
{"s_mean": -0.622514905096184}
{"s_class": 3}
{"seg_mean": -0.541599252562206}
{"seg_class": 3}
{"gth_mean": -0.5100663438592518}
{"gth_class": 3}
{"s_mean": -0.622514905096184}
{"s_class": 3}
{"seg_density": 245.97079788457117}
{"seg_mean": -0.541599252562206}
{"seg_class": 3}
{"gth_density": 262.8908722008539}
{"gth_mean": -0.5100663438592518}
{"gth_class": 3}
{"s_density": 202.55270197966829}
{"s_mean": -0.622514905096184}
{"s_class": 3}
