{"s_mean": -0.4978254506402332}
{"s_class": 2}
{"seg_mean": -0.4565883716136365}
{"seg_class": 2}
{"gth_mean": -0.4313317844612616}
{"gth_class": 2}
{"s_mean": -0.4978254506402332}
{"s_class": 2}
{"seg_mean": -0.4565883716136365}
{"seg_class": 2}
{"gth_mean": -0.4313317844612616}
{"gth_class": 2}
{"s_mean": -0.4978254506402332}
{"s_class": 2}
{"seg_density": 291.5863304347826}
{"seg_mean": -0.4565883716136365}
{"seg_class": 2}
{"gth_density": 305.13862704083016}
{"gth_mean": -0.4313317844612616}
{"gth_class": 2}
{"s_density": 269.45914742451157}
{"s_mean": -0.4978254506402332}
{"s_class": 2}
