{"s_mean": -0.7033909927861782}
{"s_class": 4}
{"seg_mean": -0.6704361972829067}
{"seg_class": 3}
{"gth_mean": -0.6774485375319604}
{"gth_class": 3}
{"s_mean": -0.7033909927861782}
{"s_class": 4}
{"seg_mean": -0.6704361972829067}
{"seg_class": 3}
{"gth_mean": -0.6774485375319604}
{"gth_class": 3}
{"s_mean": -0.7033909927861782}
{"s_class": 4}
{"seg_density": 176.83887288861212}
{"seg_mean": -0.6704361972829067}
{"seg_class": 3}
{"gth_density": 173.07615885348312}
{"gth_mean": -0.6774485375319604}
{"gth_class": 3}
{"s_density": 159.15583596214512}
{"s_mean": -0.7033909927861782}
{"s_class": 4}
