{"s_mean": -0.7379348746839632}
{"s_class": 4}
{"seg_mean": -0.7454936449476244}
{"seg_class": 4}
{"gth_mean": -0.7515475502011901}
{"gth_class": 4}
{"s_mean": -0.7379348746839632}
{"s_class": 4}
{"seg_mean": -0.7454936449476244}
{"seg_class": 4}
{"gth_mean": -0.7515475502011901}
{"gth_class": 4}
{"s_mean": -0.7379348746839632}
{"s_class": 4}
{"seg_density": 136.56419970698653}
{"seg_mean": -0.7454936449476244}
{"seg_class": 4}
{"gth_density": 133.3157671643689}
{"gth_mean": -0.7515475502011901}
{"gth_class": 4}
{"s_density": 140.62011969222002}
{"s_mean": -0.7379348746839632}
{"s_class": 4}
